number,value,datetime_start,datetime_complete,duration,params_centroids_new_old_ratio,params_gamma_1,params_gamma_2,params_lambda,params_lr,params_n_clusters,params_n_points,params_optimizer,params_reg_lambda,params_reg_type,params_tanh_x,params_use_tanh,state
0,52.25,2025-01-15 01:19:37.885556,2025-01-15 01:25:26.044016,0 days 00:05:48.158460,0.7515546614588956,1.2682296459020062,0.8448602843560131,0.5405108001371983,0.0008188303300348833,69,9,Adam,0.484372106341854,1,,False,COMPLETE
1,40.8,2025-01-15 01:25:26.135234,2025-01-15 01:39:17.050250,0 days 00:13:50.915016,0.4619492947312848,0.31013950518514205,1.5732397538247866,0.9334923351063051,0.0008401435373369341,20,2,SGD,0.03980940506334843,2,2.4444889202422226,True,COMPLETE
2,51.77,2025-01-15 01:39:17.111073,2025-01-15 01:43:04.810501,0 days 00:03:47.699428,0.6479211367468634,1.5956497444502178,1.2515405717278822,0.40529035241738925,0.0009857363261238298,63,13,Adam,0.35922609331554506,1,9.742866867082387,True,COMPLETE
3,46.45,2025-01-15 01:43:04.868344,2025-01-15 01:46:15.097697,0 days 00:03:10.229353,0.40424459521725564,0.40253423204094074,0.48271729818007847,0.6981779386279527,0.07664804528178709,65,31,Adam,0.00011123264391879468,1,,False,COMPLETE
4,47.339999999999996,2025-01-15 01:46:15.188678,2025-01-15 01:58:22.743698,0 days 00:12:07.555020,0.6624159627226398,0.24900065265133606,1.0628393530177767,0.32136267482054737,0.0014704471913400345,38,6,SGD,0.0002307100051818202,1,9.095222232342058,True,COMPLETE
5,49.53,2025-01-15 01:58:22.813581,2025-01-15 02:02:32.368993,0 days 00:04:09.555412,0.6981488377012272,1.7101203185737164,1.2771519471135988,0.7120396925329084,0.06079750431639537,49,13,Adam,0.5711342379613549,2,,False,COMPLETE
6,51.59,2025-01-15 02:02:32.440863,2025-01-15 02:06:52.428600,0 days 00:04:19.987737,0.20742994430936446,1.050336189163761,1.6455042510940225,0.5901428322068765,0.030141642429891004,27,2,SGD,0.009919452345833777,1,,False,COMPLETE
7,48.230000000000004,2025-01-15 02:06:52.515882,2025-01-15 02:10:38.333431,0 days 00:03:45.817549,0.6940735029710072,1.4205516624694206,0.8859354171309783,0.2957655133102695,0.014532635041344994,24,14,Adam,0.020791344890912923,2,6.931332405146712,True,COMPLETE
8,47.660000000000004,2025-01-15 02:10:38.392297,2025-01-15 02:15:41.183200,0 days 00:05:02.790903,0.8371687279887065,0.7752343700302096,1.4773460147874604,0.7387464598023898,0.0010026568631116373,59,27,SGD,0.005853564293798587,0,4.521825667506731,True,COMPLETE
9,43.74,2025-01-15 02:15:41.253888,2025-01-15 02:19:09.028223,0 days 00:03:27.774335,0.23703014770434072,0.45545027616999356,0.9580121598508009,0.7868580517884924,0.008580501705151837,49,34,Adam,0.0015602667244813942,1,1.6099712266045378,True,COMPLETE
10,52.059999999999995,2025-01-15 02:19:09.105767,2025-01-15 02:22:21.804213,0 days 00:03:12.698446,0.8636952253186092,1.1123814787386699,1.9596059985949457,0.5039407039955228,0.0030355515308263105,3,1,Adam,0.08512947461800252,0,,False,COMPLETE
11,52.28,2025-01-15 02:22:21.874058,2025-01-15 02:25:34.211227,0 days 00:03:12.337169,0.9346645395533295,1.1908554259090223,1.963892388249337,0.4858216531323209,0.0029451774304852852,5,1,Adam,0.11166718529164747,0,,False,COMPLETE
12,52.21,2025-01-15 02:25:34.291353,2025-01-15 02:28:21.015792,0 days 00:02:46.724439,0.9447839408400183,1.2800486391121246,0.5294892347486992,0.44962167821564347,0.003261896891503895,3,1,Adam,0.18401077172478716,0,,False,COMPLETE
13,48.84,2025-01-15 02:28:21.098640,2025-01-15 02:33:59.448672,0 days 00:05:38.350032,0.9482505560335512,1.9535983551019318,0.6598590145186995,0.562924266134537,0.0005117584001324612,75,20,Adam,0.6502785603371216,0,,False,COMPLETE
14,47.9,2025-01-15 02:33:59.508967,2025-01-15 02:37:36.856958,0 days 00:03:37.347991,0.7872050280243282,0.828141116608184,0.29678984989091006,0.20505617280448502,0.0033213787089596495,12,6,Adam,0.1114077981547623,0,,False,COMPLETE
15,52.31,2025-01-15 02:37:36.931325,2025-01-15 02:41:19.601041,0 days 00:03:42.669716,0.5694246829199807,0.8412473314334846,0.8116616584468215,0.3874879118411165,0.0021253138623170344,37,8,Adam,0.9989785820804213,1,,False,COMPLETE
16,50.12,2025-01-15 02:41:19.686862,2025-01-15 02:45:03.392341,0 days 00:03:43.705479,0.07412748837501576,0.7095282039502138,1.9737054695941685,0.373338920118567,0.0067279770262589945,39,19,Adam,0.03966153326980409,0,,False,COMPLETE
17,49.74,2025-01-15 02:45:03.461281,2025-01-15 02:50:30.194545,0 days 00:05:26.733264,0.569413813706988,0.6092768567375597,0.21504416324486597,0.26525737170245445,0.0018119672816227946,30,8,Adam,0.20866722722867687,1,,False,COMPLETE
18,52.88,2025-01-15 02:50:30.263109,2025-01-15 02:56:37.406644,0 days 00:06:07.143535,0.34115937300290233,1.025624549756096,1.7613815239976762,0.4781612894927485,0.006725023824876848,14,4,SGD,0.909563944331502,0,,False,COMPLETE
19,46.43,2025-01-15 02:56:37.472785,2025-01-15 03:03:54.977465,0 days 00:07:17.504680,0.3568136241700695,1.054533286165451,1.7644520470811784,0.6572744160714087,0.007229011024073691,49,40,SGD,0.9703933603149222,2,,False,COMPLETE
20,46.760000000000005,2025-01-15 03:03:55.057779,2025-01-15 03:08:47.772719,0 days 00:04:52.714940,0.5356744970260638,0.9361328151991711,1.303348372573872,0.8723146730268438,0.018135512173689073,32,10,SGD,0.001129797962023445,0,,False,COMPLETE
21,52.94,2025-01-15 03:08:47.840974,2025-01-15 03:15:02.068022,0 days 00:06:14.227048,0.281528767116081,1.2643385675011038,1.8400934079940576,0.4397084705156981,0.004408785319424469,14,4,SGD,0.2931788293625299,0,,False,COMPLETE
22,52.52,2025-01-15 03:15:02.132892,2025-01-15 03:20:35.891716,0 days 00:05:33.758824,0.29641213289560747,1.4723542418236157,1.7252399022503173,0.39739423347582303,0.004907969997337922,15,4,SGD,0.982851823233884,0,,False,COMPLETE
23,52.7,2025-01-15 03:20:35.970971,2025-01-15 03:25:37.937099,0 days 00:05:01.966128,0.28566110687875323,1.4754358284929479,1.7742061107184217,0.44304386341169144,0.005045704300063927,15,4,SGD,0.3927612219749069,0,,False,COMPLETE
24,50.93,2025-01-15 03:25:37.996857,2025-01-15 03:29:26.978415,0 days 00:03:48.981558,0.11922638970931504,1.7811342876386536,1.7785756174720144,0.6287330255737502,0.011733114922396133,12,4,SGD,0.24147383385842183,0,,False,COMPLETE
25,52.78,2025-01-15 03:29:27.046508,2025-01-15 03:34:28.792668,0 days 00:05:01.746160,0.17835708234574082,1.3903454871099226,1.480824252829667,0.4562401269397974,0.005499933397219316,20,5,SGD,0.04282477542560483,0,,False,COMPLETE
26,52.42,2025-01-15 03:34:28.864137,2025-01-15 03:37:55.565365,0 days 00:03:26.701228,0.14806193792591488,1.3440032404029207,1.4477527420238463,0.517235848632267,0.028272159430268083,23,6,SGD,0.0483093058160741,0,,False,COMPLETE
27,51.53,2025-01-15 03:37:55.642674,2025-01-15 03:43:07.709800,0 days 00:05:12.067126,0.35681597607847243,1.6315203018587758,1.5749864682382677,0.3366068951737709,0.00460118138798515,9,3,SGD,0.019093537109212404,0,,False,COMPLETE
28,50.1,2025-01-15 03:43:07.771520,2025-01-15 03:52:18.841098,0 days 00:09:11.069578,0.20096553807400092,0.9697065433033903,1.451636300906324,0.2291290101375065,0.011519541416634112,17,5,SGD,0.00501249576462687,0,,False,COMPLETE
29,51.76,2025-01-15 03:52:18.902399,2025-01-15 03:55:19.065034,0 days 00:03:00.162635,0.431755154550063,1.2409305352578177,1.843782738060675,0.5413870296073429,0.02821898668789226,10,5,SGD,0.08304046930412295,0,,False,COMPLETE
30,51.74999999999999,2025-01-15 03:55:19.135091,2025-01-15 03:58:37.741891,0 days 00:03:18.606800,0.29444238024416985,1.1690313178562743,1.1884115047344443,0.4576267929146033,0.019774119405223885,24,10,SGD,0.23377376772838077,0,,False,COMPLETE
31,52.910000000000004,2025-01-15 03:58:37.815540,2025-01-15 04:04:39.727337,0 days 00:06:01.911797,0.26887620831340603,1.5241638290724961,1.8537320016189025,0.4371756240272827,0.005234418242474058,17,3,SGD,0.4417176992068412,0,,False,COMPLETE
32,52.99,2025-01-15 04:04:39.807582,2025-01-15 04:09:59.574460,0 days 00:05:19.766878,0.05141330971654526,1.3175198926321057,1.6032505037830365,0.4443227148091622,0.008187082640403917,19,3,SGD,0.49664666915667355,0,,False,COMPLETE
33,52.05,2025-01-15 04:09:59.658930,2025-01-15 04:13:50.073528,0 days 00:03:50.414598,0.07303619185090598,1.5483757033100585,1.878827252351223,0.5804991151057995,0.009651187123746076,17,3,SGD,0.5303904945565387,0,,False,COMPLETE
34,51.739999999999995,2025-01-15 04:13:50.140163,2025-01-15 04:18:10.894733,0 days 00:04:20.754570,0.48089608551795804,1.8352883347226991,1.6480793258747597,0.35078349892490357,0.003981206371945822,7,3,SGD,0.34622143054418447,2,0.4167459234094242,True,COMPLETE
35,52.459999999999994,2025-01-15 04:18:10.969195,2025-01-15 04:21:46.243194,0 days 00:03:35.273999,0.3823577378538626,1.3282564142905577,1.6573130223221653,0.4263627649944517,0.006860612282520039,21,7,SGD,0.3529285980177202,0,,False,COMPLETE
36,51.41,2025-01-15 04:21:46.302376,2025-01-15 04:25:23.635850,0 days 00:03:37.333474,0.2542206047738253,1.607360968144539,1.8682221210415206,0.5124048712125663,0.001992906310369035,31,11,SGD,0.15245375912549036,0,4.492480845632045,True,COMPLETE
37,51.559999999999995,2025-01-15 04:25:23.707895,2025-01-15 04:33:33.683132,0 days 00:08:09.975237,0.11589710251546304,0.9590225131676716,1.3703846109527635,0.2969655237934456,0.0012334301766186069,27,8,SGD,0.5407618866744823,2,,False,COMPLETE
38,51.18000000000001,2025-01-15 04:33:33.753802,2025-01-15 04:38:20.280098,0 days 00:04:46.526296,0.3367258086353354,1.1231059887738253,1.6099698609581963,0.626198880570409,0.00850657697942568,14,2,SGD,0.3588602135726239,0,,False,COMPLETE
39,52.64,2025-01-15 04:38:20.337925,2025-01-15 04:44:57.792979,0 days 00:06:37.455054,0.41804861016429407,1.5006134999540715,1.7032109150056378,0.41272153739614464,0.014957901168777953,18,2,SGD,0.6549768706025034,0,6.480193858153909,True,COMPLETE
40,45.540000000000006,2025-01-15 04:44:57.857790,2025-01-15 04:52:11.327678,0 days 00:07:13.469888,0.16342325191344514,1.2508152483357087,1.1364852547336957,0.9865691721929719,0.002403216970869486,35,14,SGD,0.25447148446519746,2,,False,COMPLETE
41,52.71,2025-01-15 04:52:11.401199,2025-01-15 04:59:23.857273,0 days 00:07:12.456074,0.20873871193059612,1.402096507581854,1.4806184858958524,0.4880096906386347,0.0056435163521296955,22,5,SGD,0.0509647908710245,0,,False,COMPLETE
42,52.239999999999995,2025-01-15 04:59:23.950413,2025-01-15 05:05:31.072885,0 days 00:06:07.122472,0.05074840605782745,1.683292736225186,1.5334622031222505,0.36409587307451496,0.006087960671937755,20,3,SGD,0.03275772882213126,0,,False,COMPLETE
43,52.470000000000006,2025-01-15 05:05:31.152135,2025-01-15 05:10:41.751466,0 days 00:05:10.599331,0.17048998177484898,1.3849540151955897,1.862024817596338,0.4641095584705073,0.004141459055969415,9,4,SGD,0.13266176330501564,0,,False,COMPLETE
44,48.949999999999996,2025-01-15 05:10:41.817463,2025-01-15 05:14:09.556017,0 days 00:03:27.738554,0.24983184073060216,1.2031807635574203,1.9868434318608121,0.4190753109697407,0.010540247795125293,28,17,SGD,0.0742338243424677,1,,False,COMPLETE
45,48.28,2025-01-15 05:14:09.618333,2025-01-15 05:17:45.194763,0 days 00:03:35.576430,0.11457535201201702,1.327739468571887,1.5558393803917376,0.3128313693141285,0.007729832882506101,45,23,SGD,0.020101020482676406,0,,False,COMPLETE
46,51.980000000000004,2025-01-15 05:17:45.267437,2025-01-15 05:24:30.365438,0 days 00:06:45.098001,0.32201867185229205,1.0739024477208112,1.3630708998058674,0.5482395644503217,0.003870302663766124,26,7,SGD,0.7026850344457378,0,7.573623040452578,True,COMPLETE
47,52.38,2025-01-15 05:24:30.441217,2025-01-15 05:33:43.568893,0 days 00:09:13.127676,0.2288887806274729,1.5408575546768266,1.8279824863345768,0.47517278467768,0.0026231134689631446,6,3,SGD,0.002997528085410067,0,,False,COMPLETE
48,51.55,2025-01-15 05:33:43.635717,2025-01-15 05:41:06.632125,0 days 00:07:22.996408,0.19335636914781149,1.4554658460817178,1.011624942351491,0.5238407896892145,0.013007299973267016,19,1,SGD,0.011850114092151613,0,,False,COMPLETE
49,50.89,2025-01-15 05:41:06.704899,2025-01-15 05:43:57.703480,0 days 00:02:50.998581,0.27145503009949645,1.2959164305774933,1.9115595822885558,0.6102963220067646,0.06771397438545644,12,5,SGD,0.0005578435576427995,1,,False,COMPLETE
50,46.98,2025-01-15 05:43:57.766344,2025-01-15 05:47:01.911096,0 days 00:03:04.144752,0.13090356698298544,1.715480449657185,1.6942532821028227,0.38475419067135785,0.005486664828951478,43,25,SGD,0.2925277389567586,0,3.1171640090283623,True,COMPLETE
51,52.44,2025-01-15 05:47:01.985408,2025-01-15 05:51:00.998463,0 days 00:03:59.013055,0.2083480189491775,1.3895379929935787,1.4915112483736277,0.498037817282664,0.006035622717895817,22,6,SGD,0.05397909823028296,0,,False,COMPLETE
52,52.38,2025-01-15 05:51:01.083554,2025-01-15 05:56:19.036243,0 days 00:05:17.952689,0.22746779543607276,1.4180456868756204,1.3786800435532922,0.4848245710509217,0.0032983615479782553,15,5,SGD,0.030187696143809232,0,,False,COMPLETE
53,52.49,2025-01-15 05:56:19.096215,2025-01-15 06:00:10.702615,0 days 00:03:51.606400,0.32272788683181836,1.1469613196950448,1.5959282720660344,0.4367989110953099,0.009101267162008701,20,7,SGD,0.15168284550956948,0,,False,COMPLETE
54,51.370000000000005,2025-01-15 06:00:10.771262,2025-01-15 06:06:22.185182,0 days 00:06:11.413920,0.08576201646905968,1.5658135343079354,1.2691272305258245,0.5752781194932185,0.005328680334450083,59,12,SGD,0.4532768212739315,0,,False,COMPLETE
55,52.14,2025-01-15 06:06:22.259556,2025-01-15 06:12:45.045859,0 days 00:06:22.786303,0.17798772964127688,1.2352956063578668,1.7758283291387746,0.4045784121280155,0.007787659405549594,23,1,SGD,0.8124940146993952,0,,False,COMPLETE
56,52.5,2025-01-15 06:12:45.127338,2025-01-15 06:20:56.893457,0 days 00:08:11.766119,0.4463585560131953,1.018607168588815,1.7108244892619233,0.470909188426079,0.001587786796181177,34,9,SGD,0.01281479139339657,2,,False,COMPLETE
57,45.629999999999995,2025-01-15 06:20:56.961519,2025-01-15 06:24:34.888574,0 days 00:03:37.927055,0.26638493551404463,0.3452841976536547,1.9397124932118714,0.673740519598367,0.004156311101772683,12,4,Adam,0.18623481403760972,0,,False,COMPLETE
58,52.21,2025-01-15 06:24:34.952921,2025-01-15 06:27:16.530505,0 days 00:02:41.577584,0.36532752796925944,1.3575355298822154,1.5031173374236142,0.541299177028578,0.015503128936411658,25,6,SGD,0.06990136786179542,1,,False,COMPLETE
59,51.9,2025-01-15 06:27:16.614968,2025-01-15 06:36:36.218842,0 days 00:09:19.603874,0.4020092773616871,1.6544052582277429,1.8029058840094008,0.3469948643770117,0.002835792710848301,29,2,SGD,0.10947893067972612,0,,False,COMPLETE
60,48.28,2025-01-15 06:36:36.286619,2025-01-15 06:43:12.820559,0 days 00:06:36.533940,0.31165283603202903,0.8822912562354672,1.6486235798347313,0.7858058846919473,0.006392898341606679,16,2,SGD,0.0072234283352309355,0,,False,COMPLETE
61,52.62,2025-01-15 06:43:12.900248,2025-01-15 06:47:57.109274,0 days 00:04:44.209026,0.2791716199001323,1.4916907497730725,1.7597554129861597,0.45032286499005225,0.004896355511249894,14,4,SGD,0.3700289418243935,0,,False,COMPLETE
62,52.480000000000004,2025-01-15 06:47:57.181820,2025-01-15 06:52:59.258218,0 days 00:05:02.076398,0.21454857730066132,1.4481079686774356,1.9974113814674923,0.4351077907918337,0.0969927016087599,10,4,SGD,0.44400139379328407,0,,False,COMPLETE
63,52.65,2025-01-15 06:52:59.350750,2025-01-15 06:58:11.629525,0 days 00:05:12.278775,0.14937864973324305,1.2896782187366571,1.9105587963393729,0.38111770320438465,0.0036897671916064846,18,5,SGD,0.7261447325195328,0,,False,COMPLETE
64,49.97,2025-01-15 06:58:11.710349,2025-01-15 07:04:03.959426,0 days 00:05:52.249077,0.2898139246810748,1.7556361969092362,1.4200638693858085,0.507808028165517,0.005082148476485447,5,4,SGD,0.5097991960105546,0,,False,COMPLETE
65,52.449999999999996,2025-01-15 07:04:04.032854,2025-01-15 07:07:14.961573,0 days 00:03:10.928719,0.10001318221481952,1.5262726636386863,1.8012236989291888,0.48727172647408146,0.009960549122936709,8,3,Adam,0.00011665822244063277,0,,False,COMPLETE
66,51.949999999999996,2025-01-15 07:07:15.027399,2025-01-15 07:11:57.268671,0 days 00:04:42.241272,0.2402970644546047,1.8633840799462407,1.6062275356735771,0.4449706120989201,0.004468922686896742,3,2,SGD,0.2633118041197857,0,,False,COMPLETE
67,49.309999999999995,2025-01-15 07:11:57.353192,2025-01-15 07:18:12.723713,0 days 00:06:15.370521,0.34068503129895467,0.6823812618357499,1.7434228779222265,0.2529759849744312,0.0074629397599514265,12,5,SGD,0.9886094518602486,0,,False,COMPLETE
68,51.470000000000006,2025-01-15 07:18:12.795254,2025-01-15 07:22:43.294311,0 days 00:04:30.499057,0.188348830067262,1.409440420667478,0.7835603651423741,0.5612202987747555,0.0034756984325304404,21,6,SGD,0.18778717447038437,0,0.29102682216424647,True,COMPLETE
69,52.190000000000005,2025-01-15 07:22:43.366188,2025-01-15 07:29:13.645660,0 days 00:06:30.279472,0.6008547158842492,1.1894333497117144,1.6662691810736023,0.32263259221525575,0.002331498536132396,14,3,SGD,0.44280131416191687,1,,False,COMPLETE
70,52.459999999999994,2025-01-15 07:29:13.742553,2025-01-15 07:31:57.237795,0 days 00:02:43.495242,0.3793034218387017,1.5861462399491415,1.9040821746404575,0.40014645390906967,0.04563289242696208,17,5,Adam,0.10928828511759614,2,,False,COMPLETE
71,52.290000000000006,2025-01-15 07:31:57.304796,2025-01-15 07:37:24.106126,0 days 00:05:26.801330,0.1580042567635065,1.2822805074324843,1.8347783249470269,0.3769838333468061,0.006071066040631974,19,6,SGD,0.7297218981716976,0,,False,COMPLETE
72,52.87,2025-01-15 07:37:24.178498,2025-01-15 07:43:18.139653,0 days 00:05:53.961155,0.1555906590767652,1.332533889463598,1.8802479002498265,0.4212473964316007,0.00333294391645206,18,5,SGD,0.5869166171501694,0,,False,COMPLETE
73,52.87,2025-01-15 07:43:18.210887,2025-01-15 07:50:45.094012,0 days 00:07:26.883125,0.06987827228022249,1.0947891662088443,1.2155577025072068,0.41900731305900873,0.0029902230821583333,24,7,SGD,0.33830929271819254,0,,False,COMPLETE
74,52.82,2025-01-15 07:50:45.157763,2025-01-15 07:57:23.516010,0 days 00:06:38.358247,0.0688641889323213,1.1095895848815256,1.1739736805943153,0.42545890950621745,0.0030830948883792853,25,7,SGD,0.3086184513911965,0,,False,COMPLETE
75,52.14,2025-01-15 07:57:23.587641,2025-01-15 08:02:45.121217,0 days 00:05:21.533576,0.05629036125652245,1.1180291780717007,1.2084904437419952,0.42275422764864956,0.003113887167567706,25,9,SGD,0.30051786661335644,0,,False,COMPLETE
76,52.22,2025-01-15 08:02:45.204924,2025-01-15 08:09:11.585289,0 days 00:06:26.380365,0.09007024533958878,1.0673125310694267,1.0785563000824052,0.3605979941338573,0.0021459479127136113,24,7,SGD,0.5294346867006082,0,,False,COMPLETE
77,51.190000000000005,2025-01-15 08:09:11.643572,2025-01-15 08:16:24.852393,0 days 00:07:13.208821,0.12077343821009787,0.9947646443597874,0.9158003826677085,0.2837663758463388,0.0017064080574241344,32,8,SGD,0.60645870790706,0,,False,COMPLETE
78,52.49,2025-01-15 08:16:24.924322,2025-01-15 08:24:58.732408,0 days 00:08:33.808086,0.13910381901334185,1.2198886119908114,1.204727050507836,0.4668465969416292,0.0013870462005414212,68,10,SGD,0.24106144288680573,0,,False,COMPLETE
79,52.239999999999995,2025-01-15 08:24:58.807241,2025-01-15 08:30:01.050049,0 days 00:05:02.242808,0.06311505559127682,0.9062873113121515,1.1557020655594639,0.40575581874575406,0.0028083213823260635,16,7,SGD,0.3154635612797517,0,,False,COMPLETE
80,51.72,2025-01-15 08:30:01.119519,2025-01-15 08:34:31.597562,0 days 00:04:30.478043,0.09894783588637578,0.7885612189268465,1.3173735772404596,0.33070381276851013,0.0045162058775031775,11,4,SGD,0.8154994054601894,0,5.799406900762337,True,COMPLETE
81,52.38,2025-01-15 08:34:31.670066,2025-01-15 08:39:48.013305,0 days 00:05:16.343239,0.07691577386159129,1.0251520494517516,1.5233568231002161,0.5250682792335485,0.0037966529492662678,22,6,SGD,0.14429467426407808,0,,False,COMPLETE
82,52.1,2025-01-15 08:39:48.087676,2025-01-15 08:43:15.230365,0 days 00:03:27.142689,0.17293971194722793,1.3456094952507125,1.4469532108626209,0.4945681581704842,0.005661664817160998,27,8,SGD,0.21016460625518343,0,,False,COMPLETE
83,52.949999999999996,2025-01-15 08:43:15.317589,2025-01-15 08:46:53.815325,0 days 00:03:38.497736,0.050292224445637024,1.091062647614268,1.0230233935951996,0.4504282464831576,0.00802422119274103,21,5,SGD,0.40387439270445596,0,,False,COMPLETE
84,52.81,2025-01-15 08:46:53.886736,2025-01-15 08:51:39.993628,0 days 00:04:46.106892,0.054954429113729844,1.1695419854464706,1.013693482239995,0.42539912893869475,0.011082588006721142,19,3,SGD,0.4020613450135836,0,,False,COMPLETE
85,53.1,2025-01-15 08:51:40.081454,2025-01-15 08:55:52.453529,0 days 00:04:12.372075,0.05414936298897846,1.1645493076714994,1.0270944357749185,0.4219028278527943,0.020743845872451448,18,3,SGD,0.596224661001039,0,,False,COMPLETE
86,52.56999999999999,2025-01-15 08:55:52.541966,2025-01-15 09:01:33.260237,0 days 00:05:40.718271,0.10573880450565734,1.1273021507707814,0.7703786533714482,0.39243277950917865,0.021324310396915243,14,4,SGD,0.8342440501949596,0,,False,COMPLETE
87,52.99,2025-01-15 09:01:33.322473,2025-01-15 09:07:36.347543,0 days 00:06:03.025070,0.07875037569615952,1.0814025115673205,1.0222862097139092,0.45469081197070776,0.0025164939075099043,17,3,SGD,0.5727678475347745,2,,False,COMPLETE
88,53.059999999999995,2025-01-15 09:07:36.417926,2025-01-15 09:11:27.638991,0 days 00:03:51.221065,0.12857528180062694,1.0105707342078383,1.0265714798711514,0.4640483518295283,0.03429246670217914,17,3,SGD,0.5842341453691864,2,,False,COMPLETE
89,52.839999999999996,2025-01-15 09:11:27.716933,2025-01-15 09:14:52.410792,0 days 00:03:24.693859,0.136883589351335,0.9347186123577524,1.031873435846833,0.45873346861252623,0.03453654861530505,17,2,Adam,0.6007678415591017,2,,False,COMPLETE
90,52.17,2025-01-15 09:14:52.486522,2025-01-15 09:17:14.016573,0 days 00:02:21.530051,0.12437042257550528,0.852655540681225,0.9300924402549826,0.5199441264884345,0.05383299175906135,8,3,SGD,0.6116921313878401,2,,False,COMPLETE
91,52.83,2025-01-15 09:17:14.074165,2025-01-15 09:21:11.076688,0 days 00:03:57.002523,0.08445778150269889,1.0641575486476695,0.8409911933289936,0.4451986164926965,0.032703837223695,14,3,SGD,0.47542285128963624,2,,False,COMPLETE
92,52.11,2025-01-15 09:21:11.152609,2025-01-15 09:27:39.671053,0 days 00:06:28.518444,0.0972318697213794,1.0159883519426112,1.114808316642853,0.46949486423653036,0.02594623866555272,21,1,SGD,0.8986357403155328,2,,False,COMPLETE
93,52.73,2025-01-15 09:27:39.743572,2025-01-15 09:31:11.143076,0 days 00:03:31.399504,0.05407321405844465,0.9676425723802473,1.0492304558463728,0.39308762337433933,0.04063167666228809,16,4,SGD,0.38427358473739315,2,,False,COMPLETE
94,52.629999999999995,2025-01-15 09:31:11.217617,2025-01-15 09:36:55.581474,0 days 00:05:44.363857,0.14574147891900152,1.0858169837216216,0.9741938492563308,0.3681128304622352,0.008417497059163176,18,3,SGD,0.6674189040545105,2,,False,COMPLETE
95,52.35999999999999,2025-01-15 09:36:55.645776,2025-01-15 09:43:06.773483,0 days 00:06:11.127707,0.07161077392894834,1.1733896722592512,0.6799415478231867,0.439107597776722,0.022801773515838397,13,3,SGD,0.49509167960253686,2,,False,COMPLETE
96,52.49,2025-01-15 09:43:06.839095,2025-01-15 09:53:08.017508,0 days 00:10:01.178413,0.5146990596772307,1.2475216057653096,0.9708538557479334,0.4124165720213468,0.0006171809695436105,10,3,SGD,0.3916773934241729,2,,False,COMPLETE
97,51.43,2025-01-15 09:53:08.086475,2025-01-15 09:58:51.026394,0 days 00:05:42.939919,0.7293576486588251,1.1536253734652886,0.8690501348661864,0.3483821009418652,0.013057561963058422,23,1,SGD,0.5713710937898784,2,,False,COMPLETE
98,52.449999999999996,2025-01-15 09:58:51.098867,2025-01-15 10:04:46.219508,0 days 00:05:55.120641,0.10942774432656027,1.0414494405470518,1.087387726821129,0.4766096766018552,0.0024397809568163253,20,2,SGD,0.25698518643513274,1,,False,COMPLETE
99,52.949999999999996,2025-01-15 10:04:46.291721,2025-01-15 10:09:18.992092,0 days 00:04:32.700371,0.08705050476161014,0.9166176111417861,1.2378820533686001,0.41355866146325204,0.016597564784185954,16,4,SGD,0.7429010459049777,2,,False,COMPLETE
100,43.5,2025-01-15 10:09:19.065935,2025-01-15 10:12:10.432815,0 days 00:02:51.366880,0.1621748645640664,0.505620808234776,1.9565154724763387,0.8926004722037717,0.01704670385755086,16,4,SGD,0.7598357820374259,2,8.1553937701953,True,COMPLETE
101,52.629999999999995,2025-01-15 10:12:10.510913,2025-01-15 10:16:45.325012,0 days 00:04:34.814099,0.08592958108228405,0.9087141725372927,1.2241601622334821,0.45420762219257255,0.013033123922354218,13,5,SGD,0.9301457744938586,2,,False,COMPLETE
102,52.839999999999996,2025-01-15 10:16:45.407486,2025-01-15 10:24:14.549690,0 days 00:07:29.142204,0.1254120671646184,0.8040018602146803,1.1275158441277426,0.41113305782533094,0.0019007527736425735,19,5,SGD,0.3279965734806632,2,,False,COMPLETE
103,47.3,2025-01-15 10:24:14.621087,2025-01-15 10:30:36.494835,0 days 00:06:21.873748,0.07939820421224905,0.21821930074280083,1.3188296324620947,0.5008673131678152,0.006818038793392914,18,4,SGD,0.6672955166943697,2,,False,COMPLETE
104,52.669999999999995,2025-01-15 10:30:36.567422,2025-01-15 10:36:32.658520,0 days 00:05:56.091098,0.10177889137560053,1.3113479340639007,0.9814177296318687,0.43095244085735196,0.024874919727818193,15,4,SGD,0.44403995020112047,2,,False,COMPLETE
105,52.400000000000006,2025-01-15 10:36:32.729021,2025-01-15 10:42:19.250298,0 days 00:05:46.521277,0.06749102226347893,1.214280546942188,1.0570033656438906,0.3795538141926178,0.0035085545556313848,21,2,SGD,0.5423118486850926,0,,False,COMPLETE
106,52.71,2025-01-15 10:42:19.308417,2025-01-15 10:48:55.671802,0 days 00:06:36.363385,0.05196575952858182,0.9788956715640436,1.2568129303737339,0.48209553291632656,0.004256902447637646,11,3,SGD,0.21576433051196442,0,,False,COMPLETE
107,52.949999999999996,2025-01-15 10:48:55.751770,2025-01-15 10:55:03.948426,0 days 00:06:08.196656,0.1386737776994209,1.1018521990536037,1.8671492290431846,0.45816555118339714,0.009068148382140921,18,2,SGD,0.8013547099669651,0,,False,COMPLETE
108,52.019999999999996,2025-01-15 10:55:04.015968,2025-01-15 10:59:25.780254,0 days 00:04:21.764286,0.19227009875683518,0.8627110410081809,1.8794919445315468,0.5318152920089502,0.009116645346958168,16,2,Adam,0.7974081642379157,2,,False,COMPLETE
109,51.94,2025-01-15 10:59:25.847590,2025-01-15 11:02:56.113611,0 days 00:03:30.266021,0.22419313803921076,1.2729633575237558,1.8095984657219537,0.5560087120868661,0.0195662327076989,13,4,SGD,0.9951807249595368,0,,False,COMPLETE
110,51.18000000000001,2025-01-15 11:02:56.183536,2025-01-15 11:07:39.310617,0 days 00:04:43.127081,0.13887767014952956,1.1929404660012852,0.9119214303547946,0.4566877276221052,0.008146362373032573,54,17,SGD,0.716320096935579,1,,False,COMPLETE
111,52.71,2025-01-15 11:07:39.393377,2025-01-15 11:13:21.024677,0 days 00:05:41.631300,0.2583492893658528,0.9341753748686992,1.8608235050698978,0.43717159488770213,0.01559197468310639,18,2,SGD,0.42539932399913943,0,,False,COMPLETE
112,51.94,2025-01-15 11:13:21.099703,2025-01-15 11:19:54.012693,0 days 00:06:32.912990,0.12380824375110673,1.108862718347124,1.8970573066640877,0.4112879499671431,0.0067363761102029514,22,1,SGD,0.5170993277165851,0,,False,COMPLETE
113,52.349999999999994,2025-01-15 11:19:54.081468,2025-01-15 11:24:42.305445,0 days 00:04:48.223977,0.15833337171267114,0.7492045081300178,1.7163068248800177,0.4729845049709017,0.010427573603400424,20,5,SGD,0.2926190364029272,0,,False,COMPLETE
114,52.68000000000001,2025-01-15 11:24:42.392486,2025-01-15 11:31:46.608594,0 days 00:07:04.216108,0.10522805341428246,1.0847697779869827,1.9275500881486556,0.5058263603608139,0.002669465018540022,17,3,SGD,0.369187733950951,0,,False,COMPLETE
115,52.01,2025-01-15 11:31:46.687122,2025-01-15 11:37:59.335120,0 days 00:06:12.647998,0.9028438236209311,1.0079769436847819,1.8352667402185499,0.397220673288886,0.011956259461894709,23,1,SGD,0.6181711881003402,0,,False,COMPLETE
116,52.35999999999999,2025-01-15 11:37:59.402567,2025-01-15 11:44:24.787636,0 days 00:06:25.385069,0.08857037704608632,1.1395944907624505,1.0051861608215247,0.357166330751768,0.004860527880958611,15,3,SGD,0.8354499812072018,0,,False,COMPLETE
117,52.2,2025-01-15 11:44:24.855153,2025-01-15 11:50:34.544953,0 days 00:06:09.689800,0.17866746695593275,1.052089578947622,0.48538419508941877,0.4258882908617669,0.0073285346654883175,75,6,SGD,0.499232989978035,0,3.3860681669982426,True,COMPLETE
118,52.73,2025-01-15 11:50:34.607715,2025-01-15 11:58:51.192904,0 days 00:08:16.585189,0.30599395545809627,0.9519018769152572,1.7808890774600894,0.4465029172034132,0.01743984201633794,19,2,SGD,0.002222958488450462,0,,False,COMPLETE
119,52.62,2025-01-15 11:58:51.257169,2025-01-15 12:06:41.835364,0 days 00:07:50.578195,0.8083669433323257,1.3523894432162107,1.0901176534727377,0.48745336632756975,0.002109854523402714,11,3,SGD,0.000975556208522868,0,,False,COMPLETE
120,51.64,2025-01-15 12:06:41.896444,2025-01-15 12:12:12.049060,0 days 00:05:30.152616,0.11840108761802405,1.093853230085472,0.319454724586141,0.3867991481363207,0.038043978853816586,24,5,SGD,0.2667642138173469,0,,False,COMPLETE
121,52.839999999999996,2025-01-15 12:12:12.116227,2025-01-15 12:14:58.959939,0 days 00:02:46.843712,0.14507005118791003,0.920244104396356,1.05723561762729,0.45253110875549674,0.034599723579487845,17,2,Adam,0.6241517003708951,2,,False,COMPLETE
122,52.87,2025-01-15 12:14:59.059061,2025-01-15 12:17:35.998244,0 days 00:02:36.939183,0.05028178088690134,0.9983807097736219,1.0248608136788862,0.46212747418343686,0.030881626238134507,15,4,Adam,0.5888535887397929,2,,False,COMPLETE
123,52.87,2025-01-15 12:17:36.077337,2025-01-15 12:21:06.493976,0 days 00:03:30.416639,0.07090976362432781,0.990713464257592,1.1250487721908935,0.41809161885968105,0.02523479050569284,15,4,Adam,0.3300209991236557,2,,False,COMPLETE
124,52.72,2025-01-15 12:21:06.554854,2025-01-15 12:23:56.068689,0 days 00:02:49.513835,0.07703194393914915,1.0391813084310146,1.7476881876666026,0.4609055672292493,0.028914511757511713,13,4,Adam,0.7265126289825892,2,,False,COMPLETE
125,52.87,2025-01-15 12:23:56.133098,2025-01-15 12:26:39.647256,0 days 00:02:43.514158,0.055902292467278424,1.2519311538458,1.682323193844355,0.4396672130832155,0.005678875186011769,9,3,Adam,0.4503198072290059,2,,False,COMPLETE
126,52.400000000000006,2025-01-15 12:26:39.711078,2025-01-15 12:29:10.871279,0 days 00:02:31.160201,0.050063486055025974,1.150030492693323,0.9486499361614371,0.49699329263049147,0.03122639319205107,21,6,Adam,0.5892181155134055,2,,False,COMPLETE
127,52.96999999999999,2025-01-15 12:29:10.959496,2025-01-15 12:31:54.103177,0 days 00:02:43.143681,0.09481905512993569,1.1917921029976213,1.1521227232300937,0.47502253229009295,0.05400261301421524,18,4,SGD,0.16617034127772043,0,,False,COMPLETE
128,52.790000000000006,2025-01-15 12:31:54.172253,2025-01-15 12:36:55.603016,0 days 00:05:01.430763,0.09128578517472549,1.2026789320132805,1.2857509350809453,0.40234472535246946,0.05608969011480406,18,5,SGD,0.36429837164509815,0,,False,COMPLETE
129,52.59,2025-01-15 12:36:55.671230,2025-01-15 12:42:52.326038,0 days 00:05:56.654808,0.11052642780161613,1.3012230623999457,1.178921568434557,0.5097329172856133,0.06568217630993808,19,4,SGD,0.23143217494084253,0,,False,COMPLETE
130,52.55,2025-01-15 12:42:52.406178,2025-01-15 12:49:11.166972,0 days 00:06:18.760794,0.2008968516706497,1.436186744413779,1.2396689909370646,0.4810207527556262,0.0031924400016205665,20,3,SGD,0.8664935003073502,0,,False,COMPLETE
131,52.87,2025-01-15 12:49:11.229467,2025-01-15 12:51:45.008429,0 days 00:02:33.778962,0.07202249665631769,1.1373852350341065,1.9682459677373962,0.46932619184257846,0.046610942227511346,16,4,SGD,0.4257073782676074,0,,False,COMPLETE
132,52.88,2025-01-15 12:51:45.098784,2025-01-15 12:54:45.452002,0 days 00:03:00.353218,0.09674736667095751,1.0831080092552636,1.0282617574161232,0.42655539291856986,0.0988363726357376,14,4,SGD,0.17513592925234872,0,,False,COMPLETE
133,52.71,2025-01-15 12:54:45.518528,2025-01-15 12:59:02.354159,0 days 00:04:16.835631,0.12928027031234957,1.092710356994314,1.0899258082591805,0.42462572062554704,0.07980402790230767,12,3,SGD,0.16619684326136186,0,,False,COMPLETE
134,52.39,2025-01-15 12:59:02.425010,2025-01-15 13:01:34.941578,0 days 00:02:32.516568,0.09422285125879443,1.2489920257930451,1.1516911079876748,0.3709852104674662,0.08892957384541898,14,4,SGD,0.27240993077375153,0,,False,COMPLETE
135,53.04,2025-01-15 13:01:35.014829,2025-01-15 13:07:52.616354,0 days 00:06:17.601525,0.4741085239082206,1.1869212214923766,0.9829985683892899,0.4375564308611641,0.06661902737965504,22,5,SGD,0.19511539762395047,0,,False,COMPLETE
136,52.559999999999995,2025-01-15 13:07:52.700130,2025-01-15 13:10:26.996868,0 days 00:02:34.296738,0.6254479308546796,1.1822212505722975,0.9138047432447316,0.43201220667208534,0.07330179314732715,17,5,SGD,0.19252363295006564,0,,False,COMPLETE
137,52.76,2025-01-15 13:10:27.079634,2025-01-15 13:14:08.109495,0 days 00:03:41.029861,0.34083530522222827,1.2195914944155906,0.9999427543004225,0.44749358915843235,0.08470204474648597,18,5,SGD,0.1333073758669978,0,,False,COMPLETE
138,51.99,2025-01-15 13:14:08.176760,2025-01-15 13:19:57.506215,0 days 00:05:49.329455,0.4092485055154357,1.3731341781326136,0.8433895717882999,0.3999140318092235,0.07102683879614265,11,4,SGD,0.1052969111208333,0,5.4817980961102,True,COMPLETE
139,49.41,2025-01-15 13:19:57.605685,2025-01-15 13:23:33.976337,0 days 00:03:36.370652,0.46975438807915193,1.0420598156667056,1.0358149128563114,0.7243426934058026,0.09878742562250901,7,3,SGD,0.15622083309850152,0,,False,COMPLETE
140,52.459999999999994,2025-01-15 13:23:34.062471,2025-01-15 13:27:31.715484,0 days 00:03:57.653013,0.4312093676226352,1.3193193399550127,0.8842259913089894,0.4852257231900992,0.05274585245509488,22,2,SGD,0.0653100298134586,0,,False,COMPLETE
141,52.839999999999996,2025-01-15 13:27:31.791902,2025-01-15 13:30:38.321140,0 days 00:03:06.529238,0.5513909075054908,1.1095194008811282,0.9451046225030572,0.4151836248717538,0.06216572315214338,20,5,SGD,0.33902751861906116,0,,False,COMPLETE
142,52.72,2025-01-15 13:30:38.391582,2025-01-15 13:35:32.970591,0 days 00:04:54.579009,0.10756739997946316,1.0792551902055691,1.1074207023195994,0.4333148201970733,0.009348334920970352,41,7,SGD,0.9931734922215827,0,,False,COMPLETE
143,52.739999999999995,2025-01-15 13:35:33.050632,2025-01-15 13:38:56.148839,0 days 00:03:23.098207,0.08905423478722249,1.1751800923518605,1.8579430430646116,0.3881430798772495,0.04080111607555636,26,6,SGD,0.20109475688068643,0,,False,COMPLETE
144,53.03,2025-01-15 13:38:56.233667,2025-01-15 13:44:02.733368,0 days 00:05:06.499701,0.1604047218730827,1.133893836525945,1.9302578775862456,0.45077826213469824,0.04828130939021318,23,6,SGD,0.5204692109186004,0,,False,COMPLETE
145,48.309999999999995,2025-01-15 13:44:02.791632,2025-01-15 13:47:39.968114,0 days 00:03:37.176482,0.24130183091729143,1.1422654665856609,1.918437039150268,0.46687944659744685,0.04560198953967467,29,20,SGD,0.506100481226674,1,,False,COMPLETE
146,53.09,2025-01-15 13:47:40.046106,2025-01-15 13:50:46.051764,0 days 00:03:06.005658,0.16126648151431455,1.2443952451487688,1.8084630123872987,0.45286818524765765,0.04880888374291839,22,4,SGD,0.6635950377088642,0,,False,COMPLETE
147,52.129999999999995,2025-01-15 13:50:46.130034,2025-01-15 13:54:08.951419,0 days 00:03:22.821385,0.1731254175901147,1.9752571778839596,1.7828838629551433,0.44947376322569554,0.04457766607357391,21,4,SGD,0.7169771680495772,0,,False,COMPLETE
148,50.07,2025-01-15 13:54:09.036044,2025-01-15 13:56:58.217170,0 days 00:02:49.181126,0.13320148325715775,0.8875565914371935,1.9982464404815892,0.534314916902657,0.05608121599551856,23,13,SGD,0.43103329500597265,0,,False,COMPLETE
149,52.68000000000001,2025-01-15 13:56:58.297341,2025-01-15 13:59:31.144340,0 days 00:02:32.846999,0.14310587658097992,1.233362116723576,1.8178014462739192,0.4983067745594449,0.058958488180871994,16,4,SGD,0.7650290423342925,0,,False,COMPLETE
150,52.76,2025-01-15 13:59:31.229727,2025-01-15 14:02:54.522784,0 days 00:03:23.293057,0.38617346799096397,1.2699092523789137,1.8250813912019388,0.47627623647504796,0.050865051816485124,14,3,SGD,0.49839753776283546,0,,False,COMPLETE
151,52.82,2025-01-15 14:02:54.608875,2025-01-15 14:08:49.246739,0 days 00:05:54.637864,0.1577857634487403,1.192603051173417,1.8863866175582442,0.43998539094857986,0.06582379011073845,19,5,SGD,0.598781884063262,0,,False,COMPLETE
152,53.11,2025-01-15 14:08:49.310081,2025-01-15 14:12:10.113664,0 days 00:03:20.803583,0.28444364018853935,1.0559563182380172,0.9857274231645683,0.41666223936650226,0.03663248430075923,17,4,SGD,0.7312366917677163,0,,False,COMPLETE
153,53.04,2025-01-15 14:12:10.187531,2025-01-15 14:15:22.406443,0 days 00:03:12.218912,0.2898312557508517,1.0533721780034035,0.9803352358596382,0.45685897022960753,0.040606446628872674,17,4,SGD,0.09168746406060445,0,,False,COMPLETE
154,53.02,2025-01-15 14:15:22.490164,2025-01-15 14:17:47.998272,0 days 00:02:25.508108,0.2789484057840537,1.0105974581153276,0.9660036892942462,0.4608852212330246,0.04792111265206011,17,4,SGD,0.8469980617878216,0,,False,COMPLETE
155,53.080000000000005,2025-01-15 14:17:48.079841,2025-01-15 14:21:15.343176,0 days 00:03:27.263335,0.2608107978979579,0.9665272266585251,0.9764655212823035,0.45562911496192016,0.03632338013637612,17,3,SGD,0.7078256548385401,0,,False,COMPLETE
156,52.690000000000005,2025-01-15 14:21:15.414234,2025-01-15 14:25:09.334323,0 days 00:03:53.920089,0.28307754645259237,0.9759966581304073,0.9797167957045732,0.4626390650444223,0.03989935839792974,22,2,SGD,0.7901373317917968,0,,False,COMPLETE
157,53.03,2025-01-15 14:25:09.409710,2025-01-15 14:28:17.065572,0 days 00:03:07.655862,0.3021166543984992,1.0369086828183043,0.959772465490191,0.456243665537032,0.0352952382293215,17,4,SGD,0.7143596028393762,0,,False,COMPLETE
158,52.580000000000005,2025-01-15 14:28:17.135497,2025-01-15 14:31:30.568328,0 days 00:03:13.432831,0.3238361724191756,1.0134345033952068,0.9478370987947317,0.5181784440517491,0.03651955990075855,20,3,SGD,0.6939386829699398,0,,False,COMPLETE
159,52.12,2025-01-15 14:31:30.634792,2025-01-15 14:36:54.525803,0 days 00:05:23.891011,0.26693043166195257,1.042543423803289,0.7976543937563301,0.45416432237883,0.047426527861350556,26,1,SGD,0.9993279134998034,0,,False,COMPLETE
160,52.849999999999994,2025-01-15 14:36:54.604506,2025-01-15 14:41:36.277818,0 days 00:04:41.673312,0.3569007252572579,0.9526139394128911,0.883164832478389,0.4922490469910933,0.04184762465728061,17,4,SGD,0.09452881608729409,0,,False,COMPLETE
161,52.86,2025-01-15 14:41:36.348974,2025-01-15 14:44:17.332476,0 days 00:02:40.983502,0.2888803213515556,1.060934002156945,0.978543994527238,0.4096024223238528,0.0508122336275297,16,4,SGD,0.6797919073051103,0,,False,COMPLETE
162,53.0,2025-01-15 14:44:17.407037,2025-01-15 14:48:15.961670,0 days 00:03:58.554633,0.2494853996687578,1.1509798904588096,1.0032215947976635,0.4458131664613148,0.036873292324015705,19,3,SGD,0.5392683386858298,0,,False,COMPLETE
163,52.959999999999994,2025-01-15 14:48:16.054917,2025-01-15 14:51:45.214974,0 days 00:03:29.160057,0.30662385040327816,1.1479107812525953,1.0632810206897938,0.4470998842568994,0.03669546164238147,19,3,SGD,0.8207056933112264,0,,False,COMPLETE
164,52.86,2025-01-15 14:51:45.272106,2025-01-15 14:55:10.870172,0 days 00:03:25.598066,0.3142927694185986,1.1518678210486466,1.077166376107005,0.44221765117062317,0.03580653845555045,21,3,SGD,0.5420291010454971,0,,False,COMPLETE
165,52.849999999999994,2025-01-15 14:55:10.948118,2025-01-15 14:59:05.421857,0 days 00:03:54.473739,0.2986560133537774,1.1324329647822262,1.0018748430897346,0.4824722549651333,0.02750902829730802,19,3,SGD,0.8401172905640603,0,,False,COMPLETE
166,52.849999999999994,2025-01-15 14:59:05.503018,2025-01-15 15:01:59.845456,0 days 00:02:54.342438,0.2546223920677184,1.0304003864087585,0.9165082797526851,0.4739971672366233,0.03293281118582783,22,5,SGD,0.6302495369673647,0,,False,COMPLETE
167,53.0,2025-01-15 15:01:59.928942,2025-01-15 15:05:05.968863,0 days 00:03:06.039921,0.23469734747204646,1.0086659434409826,1.0498055170456522,0.4487464669275494,0.0384880186024709,24,5,SGD,0.49242523142230515,0,,False,COMPLETE
168,52.900000000000006,2025-01-15 15:05:06.048001,2025-01-15 15:07:49.845007,0 days 00:02:43.797006,0.22586412209901752,0.9791273694327518,0.9571536775703493,0.4520852160454014,0.038066965012472316,24,5,SGD,0.02597779237316913,0,,False,COMPLETE
169,52.72,2025-01-15 15:07:49.916694,2025-01-15 15:10:54.070080,0 days 00:03:04.153386,0.24326944331662873,1.066261642392399,1.0525673254378853,0.46592746091249193,0.04361053871090097,23,3,SGD,0.4053421167581051,0,1.3540655033660154,True,COMPLETE
170,52.769999999999996,2025-01-15 15:10:54.145029,2025-01-15 15:13:43.535342,0 days 00:02:49.390313,0.2746470205648979,1.1200566924838682,0.9990761104947946,0.43449460051206107,0.031741039362856105,25,6,SGD,0.4978975042496608,0,,False,COMPLETE
171,52.93,2025-01-15 15:13:43.613903,2025-01-15 15:17:25.843653,0 days 00:03:42.229750,0.32925581122731473,0.8303207968731486,1.0366428123634681,0.4122490569432335,0.048275819302033396,19,4,SGD,0.6718173972888057,0,,False,COMPLETE
172,53.11,2025-01-15 15:17:25.925558,2025-01-15 15:20:37.075493,0 days 00:03:11.149935,0.29493024778101357,1.0116789344751538,1.0672174201738867,0.4459163638898953,0.037840140743809814,18,4,SGD,0.5474001965753158,0,,False,COMPLETE
173,52.900000000000006,2025-01-15 15:20:37.148256,2025-01-15 15:26:53.966526,0 days 00:06:16.818270,0.21448136161189688,1.0144693590897118,1.0603221715619005,0.44639122851288093,0.036898276592451894,20,3,SGD,0.5287757135900463,0,,False,COMPLETE
174,53.09,2025-01-15 15:26:54.034796,2025-01-15 15:30:04.006177,0 days 00:03:09.971381,0.307046181488504,0.9579886116355542,0.9633236417532324,0.4324124791834794,0.04266239678312865,18,4,SGD,0.38266800871178114,0,,False,COMPLETE
175,53.059999999999995,2025-01-15 15:30:04.076277,2025-01-15 15:39:04.565879,0 days 00:09:00.489602,0.3076313325814312,0.9434165425714572,0.9331559772204426,0.4259458665744479,0.0010251889191325195,17,4,SGD,0.5709982464704239,0,,False,COMPLETE
176,53.06999999999999,2025-01-15 15:39:04.651374,2025-01-15 15:42:13.727581,0 days 00:03:09.076207,0.29428446741962155,0.9337687455985824,0.9265325726293212,0.4284111454210222,0.04213483148811491,17,4,SGD,0.45953509017610505,0,,False,COMPLETE
177,52.99,2025-01-15 15:42:13.798455,2025-01-15 15:50:18.504969,0 days 00:08:04.706514,0.2935630875599218,0.8665909852031204,0.8401388370900564,0.43015850279890266,0.0010445585455567316,17,4,SGD,0.4623911741041145,0,,False,COMPLETE
178,52.65,2025-01-15 15:50:18.591213,2025-01-15 15:53:10.003412,0 days 00:02:51.412199,0.27108660829494713,0.9563206442917479,0.9082089545835617,0.3984633445561346,0.040876095483933755,15,4,SGD,0.3602849971526384,0,,False,COMPLETE
179,53.080000000000005,2025-01-15 15:53:10.074286,2025-01-15 15:58:35.186066,0 days 00:05:25.111780,0.2632660464695613,0.9360447544378716,0.9566119280012193,0.4242117593062967,0.000630548670375325,17,4,SGD,0.5875870645433214,1,,False,COMPLETE
180,52.76,2025-01-15 15:58:35.270275,2025-01-15 16:04:42.559981,0 days 00:06:07.289706,0.2537325541989481,0.9142957347987335,0.9522741121784277,0.38616916032263754,0.0005381772404261396,17,4,SGD,0.5695838301846146,1,,False,COMPLETE
181,53.0,2025-01-15 16:04:42.641879,2025-01-15 16:10:44.229936,0 days 00:06:01.588057,0.2828569174577224,0.9865642855182639,0.9769400581962798,0.4239442835475692,0.0008096210812706813,16,4,SGD,0.45451675748909526,1,,False,COMPLETE
182,52.800000000000004,2025-01-15 16:10:44.301303,2025-01-15 16:16:51.668103,0 days 00:06:07.366800,0.28484730442332035,0.9454837531292924,0.8704049836515231,0.4219437118667015,0.0006984621323476374,15,4,SGD,0.46271142388208747,1,,False,COMPLETE
183,52.87,2025-01-15 16:16:51.735916,2025-01-15 16:23:08.153546,0 days 00:06:16.417630,0.31596064345557945,1.0014936309085274,0.9240437883919058,0.4044611595348628,0.0008748655290923997,18,5,SGD,0.375460196344534,1,,False,COMPLETE
184,52.99,2025-01-15 16:23:08.220707,2025-01-15 16:28:16.973257,0 days 00:05:08.752550,0.2334714793035662,0.8837046905093054,0.9755394225315809,0.43992490004568796,0.0007008015914219991,20,5,SGD,0.643506448262693,1,,False,COMPLETE
185,53.010000000000005,2025-01-15 16:28:17.060475,2025-01-15 16:34:21.252459,0 days 00:06:04.191984,0.2585716041562024,0.9758172413544837,0.9415363748729944,0.4231674550998748,0.0006675929754752246,16,4,SGD,0.3094907299675184,1,,False,COMPLETE
186,52.56999999999999,2025-01-15 16:34:21.314060,2025-01-15 16:40:19.299128,0 days 00:05:57.985068,0.26515123709094984,0.9801363616158396,0.9450620152333072,0.41750371482085535,0.0007955354628095738,13,4,SGD,0.2980587957615571,1,,False,COMPLETE
187,52.56999999999999,2025-01-15 16:40:19.397385,2025-01-15 16:46:40.330703,0 days 00:06:20.933318,0.2995686819919475,0.9233485585969424,0.8915142025496962,0.3745518082551329,0.0005214475474008478,16,4,SGD,0.41466932872015105,1,,False,COMPLETE
188,53.059999999999995,2025-01-15 16:46:40.400440,2025-01-15 16:53:01.861688,0 days 00:06:21.461248,0.2384995291357802,1.0055599852012544,0.9991484038681434,0.42678069948230607,0.0005849863891449613,15,4,SGD,0.5457521220317959,1,,False,COMPLETE
189,52.7,2025-01-15 16:53:01.963281,2025-01-15 16:57:05.340939,0 days 00:04:03.377658,0.24736668976306822,0.949045861693065,1.0056386021228652,0.4021182659230479,0.02826162619609332,15,4,SGD,0.5738692781154431,1,,False,COMPLETE
190,52.690000000000005,2025-01-15 16:57:05.418824,2025-01-15 17:03:54.228767,0 days 00:06:48.809943,0.20546245563659946,1.0326150241117984,0.8220675329998226,0.46321159692801883,0.0005872909316805012,18,5,SGD,0.31427054075028416,1,,False,COMPLETE
191,53.14,2025-01-15 17:03:54.293364,2025-01-15 17:09:35.104522,0 days 00:05:40.811158,0.27845497534965874,0.9813956733100497,0.9879515534430782,0.42725727032428984,0.0006594117368898043,17,4,SGD,0.4855815326921905,1,,False,COMPLETE
192,53.12,2025-01-15 17:09:35.179370,2025-01-15 17:14:14.752043,0 days 00:04:39.572673,0.33727121647628827,0.9072432422896041,0.9343017342934126,0.4328071488874328,0.000687463788323027,17,4,SGD,0.6841168879614383,1,,False,COMPLETE
193,53.080000000000005,2025-01-15 17:14:14.836184,2025-01-15 17:20:25.200791,0 days 00:06:10.364607,0.329812503129418,0.894160642193529,0.9289266078494043,0.42933532311375927,0.0007050253870921947,17,4,SGD,0.6924090175401809,1,,False,COMPLETE
194,52.75,2025-01-15 17:20:25.262628,2025-01-15 17:24:59.507018,0 days 00:04:34.244390,0.33077733959327305,0.8337183131839467,0.9302236485938066,0.42774624427254615,0.0006512385196072382,13,4,SGD,0.7076185481849858,1,,False,COMPLETE
195,52.71,2025-01-15 17:24:59.575891,2025-01-15 17:30:33.148246,0 days 00:05:33.572355,0.3381640044666572,0.8833521335139914,0.8613036740177086,0.3903909698083712,0.0007204205701523043,17,4,SGD,0.8826162451475493,1,,False,COMPLETE
196,52.580000000000005,2025-01-15 17:30:33.227538,2025-01-15 17:36:09.297478,0 days 00:05:36.069940,0.34998598439094164,0.9021612589449671,0.7395973259068629,0.4128460266494055,0.0005643950513059371,14,4,SGD,0.9964291375543083,1,,False,COMPLETE
197,53.02,2025-01-15 17:36:09.370458,2025-01-15 17:43:02.180320,0 days 00:06:52.809862,0.31556121961854455,0.9430135552230929,0.9080414119680031,0.43094861041024146,0.0006150951701705255,16,4,SGD,0.665495885211683,1,,False,COMPLETE
198,52.900000000000006,2025-01-15 17:43:02.257660,2025-01-15 17:49:46.028468,0 days 00:06:43.770808,0.37469485420409454,0.914762239265243,0.9144895279904999,0.4335712143776881,0.0007667987504732431,15,4,SGD,0.7071353037664069,1,,False,COMPLETE
199,52.81,2025-01-15 17:49:46.119799,2025-01-15 17:55:55.438426,0 days 00:06:09.318627,0.3095793949176054,0.8076687945882406,0.9660191076402802,0.4052009545662809,0.0008815919729944039,18,5,SGD,0.8134798120581794,1,,False,COMPLETE
200,52.39,2025-01-15 17:55:55.523535,2025-01-15 18:02:14.069001,0 days 00:06:18.545466,0.30108463137134045,0.7497583006750723,0.8878802897179531,0.46678778432644263,0.0005037200358554994,12,4,SGD,0.612801598174389,1,,False,COMPLETE
201,53.080000000000005,2025-01-15 18:02:14.165455,2025-01-15 18:09:05.243203,0 days 00:06:51.077748,0.27536451620893165,0.9534929038540976,0.9555443859950399,0.42920320919028715,0.0006161068573337187,17,4,SGD,0.653621001574015,1,,False,COMPLETE
202,52.980000000000004,2025-01-15 18:09:05.323852,2025-01-15 18:15:17.134383,0 days 00:06:11.810531,0.28558847370103935,0.8657751986280114,0.9777609363304963,0.43651204128820015,0.0006081583534329714,17,4,SGD,0.7156048113470287,1,,False,COMPLETE
203,53.010000000000005,2025-01-15 18:15:17.207332,2025-01-15 18:21:29.894558,0 days 00:06:12.687226,0.3299390158527143,0.9430746717380241,0.9329558574478628,0.4307699847939032,0.0010597627565940909,16,4,SGD,0.681746344204569,1,,False,COMPLETE
204,53.0,2025-01-15 18:21:29.962123,2025-01-15 18:26:47.510480,0 days 00:05:17.548357,0.3094469560226784,0.9423771689702652,0.9983165847248471,0.4135254210926441,0.0006105436382673893,18,3,SGD,0.5759706437497131,1,,False,COMPLETE
205,52.800000000000004,2025-01-15 18:26:47.584652,2025-01-15 18:32:33.905868,0 days 00:05:46.321216,0.275436614115119,0.9790250311349112,0.867126845936834,0.45847433962170264,0.0005647996072866992,15,4,SGD,0.8599624805397336,1,,False,COMPLETE
206,52.690000000000005,2025-01-15 18:32:33.980553,2025-01-15 18:37:26.619894,0 days 00:04:52.639341,0.3574382515613625,1.0355254057149466,0.9534723882018357,0.393773643541031,0.0009380329098649396,21,5,SGD,0.5303865197723098,1,,False,COMPLETE
207,52.800000000000004,2025-01-15 18:37:26.700217,2025-01-15 18:41:39.358571,0 days 00:04:12.658354,0.3171044148759697,0.8977949551784165,0.9034692517475685,0.4339196851002408,0.0007408376528774516,13,4,SGD,0.6795131184234908,1,,False,COMPLETE
208,53.1,2025-01-15 18:41:39.437510,2025-01-15 18:46:18.441285,0 days 00:04:39.003775,0.29874031552401875,0.9563957237216136,1.0246187762192696,0.4593863077450421,0.0006535941909587874,17,3,SGD,0.8445481516155665,1,8.027658416318689,True,COMPLETE
209,52.88,2025-01-15 18:46:18.518766,2025-01-15 18:50:51.934174,0 days 00:04:33.415408,0.680153282127266,1.0075808754271662,1.0143623990292692,0.4821345950460608,0.043765100825986426,19,3,SGD,0.9568502789233638,1,8.257955067112665,True,COMPLETE
210,48.16,2025-01-15 18:50:52.022001,2025-01-15 18:54:31.388649,0 days 00:03:39.366648,0.2689875398849603,0.969003133378096,1.0971022674620372,0.8210233879389314,0.050358138104547034,18,3,SGD,0.7625879299393631,1,9.91434522923463,True,COMPLETE
211,53.04,2025-01-15 18:54:31.467236,2025-01-15 19:00:11.259928,0 days 00:05:39.792692,0.2958849882399824,0.9176494372974822,1.024460218654935,0.4553994903448943,0.0006541397969201797,17,4,SGD,0.5949269754041332,1,8.650367922134334,True,COMPLETE
212,53.03,2025-01-15 19:00:11.335955,2025-01-15 19:06:47.759387,0 days 00:06:36.423432,0.5020703993799721,0.8709577199773963,1.0230863890737618,0.460943387503099,0.0006645772308933027,17,3,SGD,0.570762688686701,1,8.641898570877915,True,COMPLETE
213,52.82,2025-01-15 19:06:47.842818,2025-01-15 19:14:00.718263,0 days 00:07:12.875445,0.5123166302890161,0.85084457494127,1.0324750706623855,0.45299048202729775,0.0007534735031420132,47,6,SGD,0.4583704527408459,1,8.76856148296496,True,COMPLETE
214,52.839999999999996,2025-01-15 19:14:00.784277,2025-01-15 19:20:08.356578,0 days 00:06:07.572301,0.2980930158647259,0.8979159860323714,1.027363997601511,0.47206931126025636,0.0006200242925618072,20,3,SGD,0.5633237788139599,1,7.300968867227423,True,COMPLETE
215,53.0,2025-01-15 19:20:08.433614,2025-01-15 19:26:13.940620,0 days 00:06:05.507006,0.49553614428365106,0.8230548376183282,0.9915550570133729,0.4468113741119086,0.0006485470227065019,17,3,SGD,0.427334986969695,1,9.014792067381485,True,COMPLETE
216,52.82,2025-01-15 19:26:14.029092,2025-01-15 19:32:51.076469,0 days 00:06:37.047377,0.2913638053188709,0.8673729641099468,1.0762350219509804,0.4165205173372768,0.000695028586423879,14,4,SGD,0.5866065156705729,1,7.902240572748901,True,COMPLETE
217,52.839999999999996,2025-01-15 19:32:51.154310,2025-01-15 19:39:03.603756,0 days 00:06:12.449446,0.33890184851849037,0.9312797655884358,0.9962318287095413,0.4884633966617184,0.0005534391405226707,20,3,SGD,0.5200011708597684,1,6.187790843696484,True,COMPLETE
218,50.89,2025-01-15 19:39:03.692429,2025-01-15 19:44:38.416785,0 days 00:05:34.724356,0.5515582167680637,1.051691094954357,1.0460828990609288,0.6682716252724558,0.0005000140204844894,17,3,SGD,0.40577960916764266,1,8.612549764020647,True,COMPLETE
219,44.46,2025-01-15 19:44:38.503317,2025-01-15 19:52:54.615935,0 days 00:08:16.112618,0.49352011229880993,0.9139644173996574,1.1152044839741073,0.9979166180650663,0.0008547316023577816,15,4,SGD,0.00023972720014308173,1,6.931085865359213,True,COMPLETE
220,52.7,2025-01-15 19:52:54.707811,2025-01-15 20:06:06.360110,0 days 00:13:11.652299,0.26472134678928994,0.9580216996431382,0.9638184031348679,0.4440465350295163,0.0006743765941365803,19,5,SGD,0.004424548067718227,1,9.534131734060502,True,COMPLETE
221,52.99,2025-01-15 20:06:06.452245,2025-01-15 20:08:28.830137,0 days 00:02:22.377892,0.2782005871649352,0.9968137912323966,0.9511843375339772,0.4622651538264225,0.042415593615414734,17,4,SGD,0.7997205051100859,1,7.592432404454731,True,COMPLETE
222,53.09,2025-01-15 20:08:28.907903,2025-01-15 20:11:13.680482,0 days 00:02:44.772579,0.2966463262544272,1.0201071058665554,0.9827328153166911,0.461105728432078,0.03321585123180327,18,3,SGD,0.6421936247430041,1,9.391347095043633,True,COMPLETE
223,53.080000000000005,2025-01-15 20:11:13.759264,2025-01-15 20:17:57.761956,0 days 00:06:44.002692,0.4597731323204712,1.0512285242282153,1.0201135321804498,0.4398781556701701,0.0339509868101728,18,3,SGD,0.6006796177247076,1,9.164780107403327,True,COMPLETE
224,52.96999999999999,2025-01-15 20:17:57.853437,2025-01-15 20:23:25.561074,0 days 00:05:27.707637,0.4581460123893546,1.0661688972528534,0.9912628556292787,0.4273637188667147,0.029200839591873223,19,3,SGD,0.6554580542129878,1,9.361869914404435,True,COMPLETE
225,52.65,2025-01-15 20:23:25.654643,2025-01-15 20:28:18.673295,0 days 00:04:53.018652,0.2943743339054178,1.030168724546764,0.9346264728154854,0.4373184555067491,0.03264865326326821,21,2,SGD,0.47028670646951304,1,9.758626171375791,True,COMPLETE
226,53.06999999999999,2025-01-15 20:28:18.751078,2025-01-15 20:33:06.032128,0 days 00:04:47.281050,0.31347114542839183,0.9778408759092908,1.0694360948064479,0.41114247484389865,0.03179309117789579,18,3,SGD,0.6491903300952361,1,9.998383283286342,True,COMPLETE
227,52.800000000000004,2025-01-15 20:33:06.112491,2025-01-15 20:39:04.333395,0 days 00:05:58.220904,0.3189570208250985,0.975929914093505,1.0605458272525765,0.38813613111990397,0.030030268039300305,19,3,SGD,0.604513446254875,1,9.17979470101312,True,COMPLETE
228,52.81,2025-01-15 20:39:04.417761,2025-01-15 20:42:42.802910,0 days 00:03:38.385149,0.3474469544934995,0.9352688337703855,1.100626135314665,0.40460524578757107,0.023124466194335582,15,3,SGD,0.49492295192364844,1,9.834887980326274,True,COMPLETE
229,53.02,2025-01-15 20:42:42.885579,2025-01-15 20:46:22.090508,0 days 00:03:39.204929,0.252340711250829,0.984420460683111,1.032730863267046,0.4135713963073338,0.03210717544307415,18,3,SGD,0.785971564025883,1,8.44650183958662,True,COMPLETE
230,51.129999999999995,2025-01-15 20:46:22.177748,2025-01-15 20:52:19.592406,0 days 00:05:57.414658,0.4427000181838506,1.0056741367646127,1.0743789929698853,0.4227496575722307,0.038125724924659155,21,11,SGD,0.391174611138693,1,9.084851401097948,True,COMPLETE
231,52.949999999999996,2025-01-15 20:52:19.686789,2025-01-15 20:55:09.288415,0 days 00:02:49.601626,0.3065815252189507,1.0434906086766251,0.9858725769261741,0.4463825049278445,0.033634063049753346,16,4,SGD,0.6790635770441255,1,9.993741218387656,True,COMPLETE
232,53.09,2025-01-15 20:55:09.372644,2025-01-15 20:57:44.229100,0 days 00:02:34.856456,0.2940468135751504,0.9597196907348119,1.0108520359249966,0.440288802690722,0.04270336351782281,18,4,SGD,0.6158707832934159,1,9.270710180753312,True,COMPLETE
233,53.09,2025-01-15 20:57:44.329029,2025-01-15 21:02:55.695491,0 days 00:05:11.366462,0.2892495374065606,0.9625204608503755,1.023882047217356,0.43376380717131147,0.040683652350284844,18,3,SGD,0.544022359781899,1,9.371232258785243,True,COMPLETE
234,53.010000000000005,2025-01-15 21:02:55.774859,2025-01-15 21:09:51.614710,0 days 00:06:55.839851,0.2909971645278636,0.9542556087868758,1.0155138701276023,0.41939115418534484,0.04126260572024906,18,3,SGD,0.621972168208498,1,9.333091337900852,True,COMPLETE
235,53.06999999999999,2025-01-15 21:09:51.697113,2025-01-15 21:17:42.912413,0 days 00:07:51.215300,0.2787062095032366,0.9040846672179593,1.0477130686962617,0.4336249825238291,0.035218736060996014,18,3,SGD,0.8467528907116693,1,8.89292598097296,True,COMPLETE
236,53.0,2025-01-15 21:17:43.009107,2025-01-15 21:22:47.487806,0 days 00:05:04.478699,0.26951814606657715,0.9726312865137621,1.0706214817819333,0.39669519728063835,0.03543965335377993,19,3,SGD,0.8230665125181993,1,9.326946042394843,True,COMPLETE
237,52.769999999999996,2025-01-15 21:22:47.569549,2025-01-15 21:26:41.312571,0 days 00:03:53.743022,0.32436534497096425,0.8985545683015476,0.9876381910883741,0.4308829640875644,0.041418691984594136,15,3,SGD,0.8693005359548173,1,8.00022435168951,True,COMPLETE
238,52.56999999999999,2025-01-15 21:26:41.404815,2025-01-15 21:32:52.605501,0 days 00:06:11.200686,0.27603510003993287,1.0053056701561025,1.1268657799493975,0.4092580236018138,0.03370405778118948,20,2,SGD,0.7106805664097423,1,8.96035557588692,True,COMPLETE
239,52.980000000000004,2025-01-15 21:32:52.683425,2025-01-15 21:38:38.988618,0 days 00:05:46.305193,0.25824342226149444,0.9391679594396882,0.9416678870405454,0.4398430801755285,0.0258488863765593,18,3,SGD,0.9742643997226711,1,9.442654567174785,True,COMPLETE
240,52.87,2025-01-15 21:38:39.077665,2025-01-15 21:44:41.023920,0 days 00:06:01.946255,0.3278489274858682,0.9631424477140398,1.0463700409467904,0.42153433711063953,0.04434934533496305,16,3,SGD,0.49527672511479914,1,8.295673763752454,True,COMPLETE
241,53.059999999999995,2025-01-15 21:44:41.109706,2025-01-15 21:47:16.310396,0 days 00:02:35.200690,0.296116249793601,0.9203653969953491,1.0204031384833292,0.4401782801508972,0.03875056821819117,17,4,SGD,0.5869173650971862,1,8.773990585530386,True,COMPLETE
242,53.1,2025-01-15 21:47:16.397133,2025-01-15 21:50:41.691504,0 days 00:03:25.294371,0.290830017000967,0.9058646489341902,0.9919444452010377,0.43654322719953165,0.0386318942825966,18,4,SGD,0.6212829425458757,1,8.967144647729063,True,COMPLETE
243,52.910000000000004,2025-01-15 21:50:41.775568,2025-01-15 21:55:10.230963,0 days 00:04:28.455395,0.309963283726516,0.8898608490298461,1.0203707541431788,0.43158932039338543,0.038261442262799886,19,2,SGD,0.6481479462908057,1,8.916526942679178,True,COMPLETE
244,52.910000000000004,2025-01-15 21:55:10.322751,2025-01-15 21:59:21.765354,0 days 00:04:11.442603,0.28469584970472617,0.9091797354021425,1.0565049930791603,0.40861502291510204,0.030893208963414343,16,4,SGD,0.535724672903862,1,9.655090602595191,True,COMPLETE
245,53.05,2025-01-15 21:59:21.851844,2025-01-15 22:04:05.133259,0 days 00:04:43.281415,0.23018013720343009,0.9291464926917979,0.9749112564629934,0.4379602893998437,0.03429610412589128,18,3,SGD,0.7662938058300589,1,9.463694609689066,True,COMPLETE
246,53.0,2025-01-15 22:04:05.252645,2025-01-15 22:10:27.496695,0 days 00:06:22.244050,0.2283946052008065,0.9338687016741142,0.9218767793561345,0.4214882202548006,0.03434594305319156,18,3,SGD,0.7986401149838666,1,9.464923159813429,True,COMPLETE
247,53.03,2025-01-15 22:10:27.577268,2025-01-15 22:16:25.811279,0 days 00:05:58.234011,0.24433434891656358,0.8641450105509485,1.0033475112216426,0.4399916343838282,0.03692816917819512,18,3,SGD,0.7019450094890994,1,9.05925405514545,True,COMPLETE
248,52.75,2025-01-15 22:16:25.908260,2025-01-15 22:22:29.541032,0 days 00:06:03.632772,0.2675120220505422,0.9647348506352357,1.0861015587863925,0.39979530398003654,0.04412484609997023,14,4,SGD,0.607369026454863,1,9.986968301210673,True,COMPLETE
249,52.949999999999996,2025-01-15 22:22:29.620356,2025-01-15 22:28:36.799254,0 days 00:06:07.178898,0.28101325387091686,0.9320829336650197,0.967643448176625,0.43694718978647895,0.039967727500499775,16,4,SGD,0.014590249676625462,1,8.564127900128806,True,COMPLETE
250,52.94,2025-01-15 22:28:36.890132,2025-01-15 22:32:37.863959,0 days 00:04:00.973827,0.31026522938371714,0.8341495291227188,1.0369673451235586,0.41876281110800906,0.028969639020215963,18,3,SGD,0.7818721635525827,1,9.558425665742917,True,COMPLETE
251,52.78,2025-01-15 22:32:37.946179,2025-01-15 22:38:37.894259,0 days 00:05:59.948080,0.2592834139679482,0.9915286077832074,0.8922938950616555,0.4673519698792952,0.034580381171566574,15,4,SGD,0.4895345375250289,1,8.845112219448435,True,COMPLETE
252,52.49,2025-01-15 22:38:37.985612,2025-01-15 22:43:29.977887,0 days 00:04:51.992275,0.21841810487756314,0.8930658698302621,0.9495365874011801,0.3808508827369533,0.04657288787348434,20,2,SGD,0.9773690931231506,1,7.80634216217827,True,COMPLETE
253,52.75,2025-01-15 22:43:30.053229,2025-01-15 22:48:24.918375,0 days 00:04:54.865146,0.2958586612668661,0.957335787981346,1.0200811994326635,0.4406426113130033,0.0011564870942148324,20,2,SGD,0.5905389653036383,1,9.230685855351812,True,COMPLETE
254,52.959999999999994,2025-01-15 22:48:25.001398,2025-01-15 22:52:47.681435,0 days 00:04:22.680037,0.24154368774774634,0.9184243358768842,0.9808350275985938,0.4056019273747624,0.030991309850507517,16,3,SGD,0.7636634355798048,1,8.304752223145037,True,COMPLETE
255,52.949999999999996,2025-01-15 22:52:47.767767,2025-01-15 22:56:46.307051,0 days 00:03:58.539284,0.33283159245764815,1.0181051300031438,0.9099043995673955,0.42338680098882797,0.037882944683080774,17,3,SGD,0.4515136691016641,1,4.515235739169067,True,COMPLETE
256,52.99,2025-01-15 22:56:46.408112,2025-01-15 23:02:54.083243,0 days 00:06:07.675131,0.27540645137113684,0.9864091807938812,1.096056014608319,0.44720468597879254,0.0005721637175470034,19,4,SGD,0.6638435326333267,1,8.749386968469956,True,COMPLETE
257,52.300000000000004,2025-01-15 23:02:54.172676,2025-01-15 23:08:54.097879,0 days 00:05:59.925203,0.3080701163132768,0.8576851900247404,1.0015294468243157,0.4752990187108064,0.042660236675062524,35,2,SGD,0.5409836036258804,1,9.684420618326826,True,COMPLETE
258,52.94,2025-01-15 23:08:54.185244,2025-01-15 23:14:16.765116,0 days 00:05:22.579872,0.2906111341221538,0.9308802088499902,0.9342740269277359,0.42834236641936646,0.027356427325569962,14,4,SGD,0.8611489011363543,1,8.966541346148064,True,COMPLETE
259,53.11,2025-01-15 23:14:16.852742,2025-01-15 23:20:58.142856,0 days 00:06:41.290114,0.3613325750805395,0.8894407347642536,1.05466374553839,0.450527892511982,0.033139865233561334,17,3,SGD,0.6600750082346567,1,8.432547125018798,True,COMPLETE
260,52.87,2025-01-15 23:20:58.245731,2025-01-15 23:25:07.590931,0 days 00:04:09.345200,0.3639299496011536,0.8775545827010979,1.1402130541498363,0.45634908723438294,0.0007538277799701849,16,4,SGD,0.3953385832128606,1,7.120299778527482,True,COMPLETE
261,49.04,2025-01-15 23:25:07.669751,2025-01-15 23:30:28.587839,0 days 00:05:20.918088,0.3460115722864401,1.0128740644718133,1.053569817298318,0.4749625048423911,0.039070723713396135,58,30,SGD,0.5758763328909043,1,8.136231257880677,True,COMPLETE
262,45.24,2025-01-15 23:30:28.684156,2025-01-15 23:32:34.807235,0 days 00:02:06.123079,0.324695093399295,0.9700036222019468,1.0759404513007502,0.9524252897489287,0.030972943799729764,13,4,SGD,0.5150523385046125,1,8.47056038889442,True,COMPLETE
263,51.470000000000006,2025-01-15 23:32:34.885924,2025-01-15 23:35:11.769555,0 days 00:02:36.883631,0.3217150176828761,0.7758077197738662,1.0324114129210908,0.5970942429451652,0.0516132920900033,17,3,Adam,0.7042227538591844,1,7.720975305807051,True,COMPLETE
264,52.71,2025-01-15 23:35:11.846646,2025-01-15 23:38:34.541506,0 days 00:03:22.694860,0.3039118350467124,0.8953772503735181,1.1029680058797795,0.3993712463957931,0.046432173977124645,15,4,SGD,0.4446667224813977,1,8.723508403141723,True,COMPLETE
265,52.55,2025-01-15 23:38:34.637862,2025-01-15 23:42:09.152559,0 days 00:03:34.514697,0.3693016273061117,0.8277242202557552,1.0104674765485098,0.36720630710013025,0.03736814003289323,19,5,SGD,0.6504563236591204,1,7.381648308481726,True,COMPLETE
266,53.059999999999995,2025-01-15 23:42:09.243375,2025-01-15 23:45:27.045080,0 days 00:03:17.801705,0.3451618190083535,0.9585377421064768,0.9600640168898602,0.44773254299798,0.024249783640022338,17,3,SGD,0.5960862365807469,1,4.149145463085233,True,COMPLETE
267,52.290000000000006,2025-01-15 23:45:27.136201,2025-01-15 23:49:42.996582,0 days 00:04:15.860381,0.28104820500097866,0.9982550288634577,0.5966456112198344,0.4170943750852714,0.03360201273533332,21,2,SGD,0.3673992035916325,1,9.1844113762532,True,COMPLETE
268,52.71,2025-01-15 23:49:43.083844,2025-01-15 23:54:17.731984,0 days 00:04:34.648140,0.3030505387074026,1.0649495329356888,0.8763597122633334,0.4625066217011299,0.0005888790843316502,14,4,SGD,0.8695617259175673,1,2.197692021920926,True,COMPLETE
269,52.89,2025-01-15 23:54:17.830313,2025-01-15 23:58:51.520101,0 days 00:04:33.689788,0.38552978493702,1.0231406585554002,1.0620551619774947,0.43164757507474455,0.05622502497925794,20,5,SGD,0.46798341581425895,1,9.774948813113083,True,COMPLETE
270,52.86,2025-01-15 23:58:51.606077,2025-01-16 00:02:21.971076,0 days 00:03:30.364999,0.25844484102327825,0.9024619696626429,1.0055993926550488,0.3850491678172287,0.040207494153427524,18,3,SGD,0.6638081075013872,1,8.119578995164844,True,COMPLETE
271,53.080000000000005,2025-01-16 00:02:22.063678,2025-01-16 00:07:02.535453,0 days 00:04:40.471775,0.3220306281604465,0.8491382076207848,0.932059955871488,0.45017605021521917,0.0008072462576612126,17,4,SGD,0.5332370491452397,1,8.429470702195582,True,COMPLETE
272,52.559999999999995,2025-01-16 00:07:02.626483,2025-01-16 00:13:25.247138,0 days 00:06:22.620655,0.33016611642411375,0.8417357974339997,0.9294785676146874,0.4886061084942525,0.0008295325305636281,16,3,SGD,0.5312058879301883,1,,False,COMPLETE
273,52.86,2025-01-16 00:13:25.344535,2025-01-16 00:19:26.379262,0 days 00:06:01.034727,0.3144544371029541,0.8534931106066039,0.8974301973188681,0.4098410292160858,0.0009284044239516843,19,3,SGD,0.989503151668755,1,,False,COMPLETE
274,52.66,2025-01-16 00:19:26.485936,2025-01-16 00:25:32.000645,0 days 00:06:05.514709,0.35687220950096094,0.7940978457890469,0.84192562347129,0.45782311753041854,0.0007370452847839765,15,4,SGD,0.4210228850140322,1,9.190417603110587,True,COMPLETE
275,53.15,2025-01-16 00:25:32.081220,2025-01-16 00:32:25.849251,0 days 00:06:53.768031,0.2698737008221385,0.9637747041416257,0.9590127364794706,0.4233221149764019,0.0006734813383291691,18,4,SGD,0.7670778268802384,1,,False,COMPLETE
276,47.36,2025-01-16 00:32:25.939797,2025-01-16 00:39:17.070103,0 days 00:06:51.130306,0.3410385098455527,0.9555814947329816,0.9216733793909379,0.45130055731866875,0.0008060022664900977,20,16,SGD,0.7838542912967551,1,,False,COMPLETE
277,52.849999999999994,2025-01-16 00:39:17.178858,2025-01-16 00:45:34.281292,0 days 00:06:17.102434,0.39699625838122465,0.881561443176918,0.964470858295988,0.47286470281888277,0.0006600198819352754,18,3,SGD,0.7388242985298009,1,5.323185391279855,True,COMPLETE
278,49.25,2025-01-16 00:45:34.381162,2025-01-16 00:52:59.558367,0 days 00:07:25.177205,0.2711101353991371,0.975156193090311,0.9458908364480334,0.2039831094317251,0.0007528326698816935,19,2,SGD,0.8471067276062962,1,,False,COMPLETE
279,52.92,2025-01-16 00:52:59.647415,2025-01-16 00:56:20.008721,0 days 00:03:20.361306,0.31710881003718283,0.9320024829858125,0.869785175873171,0.4147929046674504,0.027776212311670146,17,4,Adam,0.6525191575655919,1,,False,COMPLETE
280,52.93,2025-01-16 00:56:22.022382,2025-01-16 00:59:32.228208,0 days 00:03:10.205826,0.28851493722634725,1.0484182146806866,0.9678005474177516,0.43359065745110115,0.04359467395596753,21,5,SGD,0.7119063580535385,1,8.402789748479373,True,COMPLETE
281,52.94,2025-01-16 00:59:32.324936,2025-01-16 01:04:59.223096,0 days 00:05:26.898160,0.2676635325482138,0.8733376984061054,0.9176765066641926,0.4002639164163163,0.0006915306146966422,18,3,SGD,0.479081342039604,1,,False,COMPLETE
282,51.29,2025-01-16 01:04:59.322682,2025-01-16 01:09:05.775546,0 days 00:04:06.452864,0.32897307335010545,0.9562627029207551,0.35103384641607493,0.6208719322975227,0.032847872716146864,16,4,SGD,0.9944482308004704,1,9.735096059412335,True,COMPLETE
283,52.790000000000006,2025-01-16 01:09:05.854890,2025-01-16 01:11:18.583520,0 days 00:02:12.728630,0.29943897640260986,0.9088142156815802,1.0428762198736619,0.44804187935938233,0.049124684447694994,19,5,SGD,0.6029894108153839,1,,False,COMPLETE
284,52.580000000000005,2025-01-16 01:11:18.673149,2025-01-16 01:16:18.596434,0 days 00:04:59.923285,0.2820990947315293,0.9968980313210115,0.9867063508850294,0.42260139481387254,0.0006146274716619301,22,2,SGD,0.35812102439146,1,,False,COMPLETE
285,52.849999999999994,2025-01-16 01:16:18.702490,2025-01-16 01:21:48.387742,0 days 00:05:29.685252,0.31627571654951,0.818033110108237,1.069308273291858,0.4676762579291896,0.0008608812321677199,17,3,SGD,0.7924125046654713,1,0.638876089383297,True,COMPLETE
286,52.580000000000005,2025-01-16 01:21:48.486432,2025-01-16 01:27:18.770477,0 days 00:05:30.284045,0.26062485549942216,1.0359885947598237,0.889894323141632,0.38803592671783044,0.034515238808661614,16,4,SGD,0.511448903512709,1,,False,COMPLETE
287,53.02,2025-01-16 01:27:19.763066,2025-01-16 01:32:24.872836,0 days 00:05:05.109770,0.3469291111982208,0.9401353196213516,1.114815299442441,0.4437453965216112,0.03107022117441897,20,3,SGD,0.6511279065175295,1,,False,COMPLETE
288,53.05,2025-01-16 01:32:24.962347,2025-01-16 01:36:01.254204,0 days 00:03:36.291857,0.2951939340746895,1.0751817108525275,0.9521441431229005,0.4084691250463338,0.04348750503064149,18,4,SGD,0.8449506661801213,1,6.414580451270769,True,COMPLETE
289,44.49,2025-01-16 01:36:01.351287,2025-01-16 01:42:47.010240,0 days 00:06:45.658953,0.2751958881855671,0.9939786574774155,1.0398987082833604,0.5064923655685377,0.0006901460096307444,40,40,SGD,0.553215298515833,1,,False,COMPLETE
290,52.849999999999994,2025-01-16 01:42:47.088309,2025-01-16 01:48:29.954688,0 days 00:05:42.866379,0.31338584301961436,0.8913586770230976,1.17482940700528,0.4279587369641865,0.0009876500468931771,13,4,SGD,0.6908304074171874,1,6.832024127887358,True,COMPLETE
291,52.980000000000004,2025-01-16 01:48:30.054469,2025-01-16 01:51:35.665625,0 days 00:03:05.611156,0.248462731127264,0.972886141107426,0.9988297718663618,0.45524979686689027,0.03708404784143026,15,4,SGD,0.4782979384095206,2,,False,COMPLETE
292,52.87,2025-01-16 01:51:35.763902,2025-01-16 02:02:27.290257,0 days 00:10:51.526355,0.3365099335000815,0.9155628062467218,0.9352593042638367,0.4823064152904346,0.0005455224436169173,19,3,SGD,0.43825703462875915,0,,False,COMPLETE
293,48.69,2025-01-16 02:02:27.380404,2025-01-16 02:09:06.080259,0 days 00:06:38.699855,0.29288257975948684,0.5273134772286943,0.8197325688055578,0.23412613785535802,0.018824468520208713,17,3,SGD,0.6155854235777155,1,9.986282196959625,True,COMPLETE
294,52.59,2025-01-16 02:09:06.168377,2025-01-16 02:16:49.196722,0 days 00:07:43.028345,0.5968048292259652,1.0208995212578609,0.9772322450896251,0.41782835309215394,0.0007935024395571796,21,2,SGD,0.7640114802098719,0,,False,COMPLETE
295,53.16,2025-01-16 02:16:49.282357,2025-01-16 02:20:28.527489,0 days 00:03:39.245132,0.42186091974999573,0.9469995903191175,1.0838891224222498,0.44165629811864504,0.04100436454740176,18,4,SGD,0.3666444140396753,1,8.545411657816421,True,COMPLETE
296,51.67,2025-01-16 02:20:28.611812,2025-01-16 02:27:37.944746,0 days 00:07:09.332934,0.4217409479116405,1.0952849870334802,1.1408816966926647,0.4687599197083459,0.021669064622969973,68,1,SGD,0.3452758834877016,1,7.987622099304842,True,COMPLETE
297,49.7,2025-01-16 02:27:38.034717,2025-01-16 02:33:01.836770,0 days 00:05:23.802053,0.4124503896025823,0.29371881345368134,1.0932330163802824,0.44110541034742756,0.04201358232796386,19,5,SGD,0.3962408690073024,1,8.543257997603686,True,COMPLETE
298,52.949999999999996,2025-01-16 02:33:01.921851,2025-01-16 02:36:04.029870,0 days 00:03:02.108019,0.36338286579931434,0.8639589349019333,1.061137071979519,0.4484447143972439,0.048982626815258154,16,4,SGD,0.5080799473149812,1,9.361395757941436,True,COMPLETE
299,52.96999999999999,2025-01-16 02:36:04.129838,2025-01-16 02:39:17.500564,0 days 00:03:13.370726,0.4566803461501292,0.9684025542592458,1.0208835353650996,0.46188854326116713,0.02729633658238636,20,5,Adam,0.0005709377594134572,1,9.12648381004155,True,COMPLETE
302,52.33,2025-01-17 19:33:48.955607,2025-01-17 19:40:34.358246,0 days 00:06:45.402639,0.2780052341554737,0.7339433097995175,1.1135457375745692,0.49346752850117087,0.03541945361732498,14,4,SGD,0.8844092548080257,1,8.8690197214698,True,COMPLETE
303,53.010000000000005,2025-01-17 19:40:34.448769,2025-01-17 19:48:36.899907,0 days 00:08:02.451138,0.39326232407105144,0.9281608116850503,1.0547388543219332,0.39858486393988624,0.05960533598927081,18,3,SGD,0.4040243516029958,1,9.55679575495234,True,COMPLETE
304,52.59,2025-01-17 19:48:36.984214,2025-01-17 19:56:43.981275,0 days 00:08:06.997061,0.19793351733550896,1.0201412064952955,1.0191593078640782,0.4355765772172144,0.03940789074191435,22,2,SGD,0.6376276167723353,1,7.464775657503582,True,COMPLETE
307,53.059999999999995,2025-01-17 20:09:44.090671,2025-01-17 20:17:48.647948,0 days 00:08:04.557277,0.44229251518031926,0.8944116136173267,1.0926051797729264,0.41606369407793453,0.0014470968894298405,18,3,SGD,0.6931314628138916,1,8.306474130972445,True,COMPLETE
308,50.9,2025-01-17 20:09:44.834600,2025-01-17 20:16:53.548467,0 days 00:07:08.713867,0.3285993090623085,0.8443034729241012,1.0825728398768748,0.4161274872661359,0.045824985295121204,71,25,SGD,0.9999843221189025,1,8.24383524209908,True,COMPLETE
309,53.11,2025-01-17 20:16:53.615835,2025-01-17 20:28:55.337224,0 days 00:12:01.721389,0.37483454599317595,0.97986519454025,0.9810952720866223,0.4582239962519284,0.030946145246789993,18,3,SGD,0.006868500185913227,1,8.965737618702882,True,COMPLETE
310,51.470000000000006,2025-01-17 20:17:48.737772,2025-01-17 20:25:31.199366,0 days 00:07:42.461594,0.2544367559316955,1.8911388549502988,0.9906369675750923,0.4741282011249862,0.03046067719160727,16,4,SGD,0.527617628885168,1,8.555343461621893,True,COMPLETE
311,52.55,2025-01-17 20:25:31.289316,2025-01-17 20:30:32.496311,0 days 00:05:01.206995,0.37283653878593415,0.9793118568386703,1.0384567096973576,0.3728342452481335,0.04208539492052996,20,5,SGD,0.7820993893922089,2,,False,COMPLETE
312,52.43,2025-01-17 20:28:55.407420,2025-01-17 20:34:52.896979,0 days 00:05:57.489559,0.3500861686385317,0.9559392723036582,0.9028604506348441,0.371772633263851,0.053012919555732126,20,5,SGD,0.007206506798999898,1,8.85322042580763,True,COMPLETE
313,51.03,2025-01-17 20:30:32.581161,2025-01-17 20:35:51.791871,0 days 00:05:19.210710,0.34936911956919503,0.9389353032173346,0.9622249226369688,0.6419822059003646,0.029255911463738623,18,3,SGD,0.009438408382084556,1,8.982248175478816,True,COMPLETE
314,53.059999999999995,2025-01-17 20:34:52.959699,2025-01-17 20:46:19.697772,0 days 00:11:26.738073,0.37947161349833014,0.9270891762408202,0.9645946740450327,0.4395799724153234,0.036046869694941176,18,3,SGD,0.006777220626562948,1,9.050668825530362,True,COMPLETE
315,52.88,2025-01-17 20:35:51.888223,2025-01-17 20:51:51.601164,0 days 00:15:59.712941,0.38130120258149436,1.048102598370765,0.9870581354038802,0.4489391943459837,0.02555668865691232,14,4,SGD,0.007814879089249832,1,9.51037166264793,True,COMPLETE
316,52.92,2025-01-17 20:46:19.772172,2025-01-17 20:52:23.026108,0 days 00:06:03.253936,0.40289497997302004,1.0509401376647873,1.0029459261922178,0.4568817271052345,0.03299527037365382,14,4,SGD,0.45209351132374376,1,9.343279295431282,True,COMPLETE
317,52.88,2025-01-17 20:51:51.689526,2025-01-17 20:59:42.694756,0 days 00:07:51.005230,0.4058920185257838,0.8779629653675992,0.9257104198994293,0.4314974450470174,0.03308137559279607,15,4,SGD,0.3232105140589294,1,9.31207282882519,True,COMPLETE
318,51.959999999999994,2025-01-17 20:52:23.099235,2025-01-17 21:07:13.218451,0 days 00:14:50.119216,0.3036234518427793,0.8118607749903957,0.8692614982966634,0.4287323782864351,0.0006287096532641737,51,1,SGD,0.008794703454439754,1,8.709634485970213,True,COMPLETE
319,52.629999999999995,2025-01-17 20:59:42.781564,2025-01-17 21:07:30.624774,0 days 00:07:47.843210,0.30702775952863187,0.9007870192606191,0.8825410633721539,0.3969907402665383,0.0006169120621705718,21,3,SGD,0.7412752465206148,1,8.695636388541025,True,COMPLETE
320,52.849999999999994,2025-01-17 21:07:13.291671,2025-01-17 21:13:41.731003,0 days 00:06:28.439332,0.4722965378423375,0.9858065140236464,1.0403724219676311,0.39646588350772016,0.03962560307026671,22,5,SGD,0.8163385898549306,1,7.91574660001035,True,COMPLETE
321,52.959999999999994,2025-01-17 21:07:30.714113,2025-01-17 21:19:17.201137,0 days 00:11:46.487024,0.3270284140634515,0.9908299697000623,0.9531428050913846,0.4817015326324698,0.03887159907773356,17,4,SGD,0.005051610956449353,1,7.86173527206064,True,COMPLETE
322,51.51,2025-01-17 21:13:41.800171,2025-01-17 21:17:45.805254,0 days 00:04:04.005083,0.3221792324145071,0.9986032394775546,0.9392368980148644,0.4565444161983885,0.048097796310201786,17,9,SGD,0.013841430387882374,1,9.702434743310693,True,COMPLETE
323,52.949999999999996,2025-01-17 21:17:45.865837,2025-01-17 21:21:29.566533,0 days 00:03:43.700696,0.28599496428526927,0.9591443550796527,0.9916278782015058,0.4799146746966909,0.03609577266004497,19,3,SGD,0.5900876446420649,1,9.887244434607886,True,COMPLETE
324,53.04,2025-01-17 21:19:17.290037,2025-01-17 21:24:44.040490,0 days 00:05:26.750453,0.28168587173001824,0.955569904327764,1.1506317880115906,0.4134114945557057,0.0449150025621532,19,3,SGD,0.0049267625946473265,1,8.458762708714332,True,COMPLETE
325,49.66,2025-01-17 21:21:29.640337,2025-01-17 21:24:24.640795,0 days 00:02:55.000458,0.36190842380591776,0.8563324484449829,1.1506678289376957,0.7016216636211827,0.04430655548422424,16,4,Adam,0.005695397891001796,1,,False,COMPLETE
326,52.61,2025-01-17 21:24:24.700675,2025-01-17 21:29:24.391267,0 days 00:04:59.690592,0.266056972597672,0.9112238533051338,1.0701057380314456,0.41378554308184834,0.029727579045790098,12,4,SGD,0.0114545776171272,0,,False,COMPLETE
327,52.64,2025-01-17 21:24:44.123176,2025-01-17 21:40:27.779523,0 days 00:15:43.656347,0.26452159664189945,0.9121022962111983,1.0566002780560666,0.43094289799958796,0.0007360020334696755,12,4,SGD,0.0036396388186816,0,,False,COMPLETE
328,52.980000000000004,2025-01-17 21:29:24.452066,2025-01-17 21:35:24.481361,0 days 00:06:00.029295,0.2937231758736189,1.0214728690195856,1.0192698395649136,0.44183637799343134,0.0006808632517175517,16,4,SGD,0.5262073030101672,1,,False,COMPLETE
329,0.0,2025-01-17 21:35:24.552378,2025-01-17 21:44:39.000196,0 days 00:09:14.447818,0.4373016866604758,0.9253793565853095,0.9158325873453862,0.43280521478677586,0.000543529916635374,20,2,SGD,0.6622074497887748,0,9.152640054312878,True,COMPLETE
330,50.5,2025-01-17 21:40:27.880935,2025-01-17 21:43:59.676790,0 days 00:03:31.795855,0.24260710947689323,1.0867840204206525,0.9136617343489137,0.46187554637226624,0.051235773560771705,18,11,SGD,0.657287813603221,1,8.124116053484101,True,COMPLETE
331,48.76,2025-01-17 21:43:59.770129,2025-01-17 21:51:28.630041,0 days 00:07:28.859912,0.43502290274236044,0.9396910564420734,0.9801774536237229,0.779361742209165,0.0005363218343196396,20,2,SGD,0.400621447968272,1,9.190309442076089,True,COMPLETE
332,52.839999999999996,2025-01-17 21:44:39.052618,2025-01-17 21:48:36.005681,0 days 00:03:56.953063,0.3115477724957218,0.7939497433885605,0.9811489629668404,0.4540313773398054,0.035607445625655806,17,3,SGD,0.9970641490961751,1,,False,COMPLETE
333,48.42,2025-01-17 21:48:36.075001,2025-01-17 21:51:29.751965,0 days 00:02:53.676964,0.3448760853435898,0.8848966247528364,1.0060761126032873,0.7805506145712056,0.031011974778367507,15,4,SGD,0.43562387396841773,1,9.5786508927472,True,COMPLETE
334,51.739999999999995,2025-01-17 21:51:28.713244,2025-01-17 21:58:43.439085,0 days 00:07:14.725841,0.33631612417920337,0.8503972364868168,1.1117944322296471,0.3032023327418916,0.04218084576128914,15,4,SGD,0.45377739423365243,1,,False,COMPLETE
335,47.599999999999994,2025-01-17 21:51:29.821311,2025-01-17 21:55:39.437741,0 days 00:04:09.616430,0.2756615538315249,0.9888312022788431,1.0371218680810421,0.4060801645353604,0.04089895194946041,32,22,SGD,0.7935575535055931,0,,False,COMPLETE
336,53.059999999999995,2025-01-17 21:55:39.499454,2025-01-17 21:59:33.939906,0 days 00:03:54.440452,0.33394682565455547,1.0584858948594944,1.1129908087705969,0.4421072687143779,0.02699841444814461,18,3,SGD,0.5433958441401749,1,,False,COMPLETE
337,52.39,2025-01-17 21:58:43.522389,2025-01-17 22:05:24.600375,0 days 00:06:41.077986,0.2992794185179414,1.0644935608361994,0.9471707800311402,0.34219758754844665,0.027587887027153937,18,3,SGD,0.5595401188337787,1,,False,COMPLETE
338,52.21,2025-01-17 21:59:34.002808,2025-01-17 22:06:57.123208,0 days 00:07:23.120400,0.2958167054025465,1.0291703797295713,0.954283107019109,0.34110354364691664,0.037137682505687025,17,3,SGD,0.8756298046393611,1,4.11082842541018,True,COMPLETE
339,52.64,2025-01-17 22:05:24.684180,2025-01-17 22:13:02.105523,0 days 00:07:37.421343,0.24952684301058475,1.024308068941536,1.0203319127928807,0.38700386710602275,0.056579013262282256,21,5,SGD,0.7204395764812638,0,3.6411517217977867,True,COMPLETE
340,49.14,2025-01-17 22:06:57.187485,2025-01-17 22:10:46.746278,0 days 00:03:49.558793,0.31543149003608983,0.9581113022903258,0.8562589041761094,0.42316051843818064,0.057841513906591126,21,14,SGD,0.6945606328767986,0,8.892748688605824,True,COMPLETE
341,52.87,2025-01-17 22:10:46.811000,2025-01-17 22:13:57.722129,0 days 00:03:10.911129,0.3625534419682986,1.1105212767650112,1.014765170032843,0.4698261545152508,0.033014076102594686,16,4,SGD,0.2895868521050634,1,,False,COMPLETE
342,52.96999999999999,2025-01-17 22:13:02.185799,2025-01-17 22:18:22.570771,0 days 00:05:20.384972,0.22031548362802916,0.88970020496195,1.079735638257902,0.4671187932557015,0.03287441069983984,19,3,SGD,0.34891846981524505,1,,False,COMPLETE
343,53.05,2025-01-17 22:13:57.795412,2025-01-17 22:21:16.031322,0 days 00:07:18.235910,0.2797095054917356,0.8926962341157956,1.0754446743062829,0.4441873149152109,0.0007162093835309782,19,3,SGD,0.3763941884914745,1,,False,COMPLETE
344,51.849999999999994,2025-01-17 22:18:22.664693,2025-01-17 22:34:27.551648,0 days 00:16:04.886955,0.2818564596179438,0.9743282050934285,0.20008384169086324,0.4446854303188753,0.0006224510581322736,19,3,SGD,0.0023959206278318912,1,7.730906833075191,True,COMPLETE
345,52.580000000000005,2025-01-17 22:21:16.096565,2025-01-17 22:25:02.618731,0 days 00:03:46.522166,0.7585268711257349,0.972794843157132,0.9079428830485816,0.4954621623755919,0.0005927448707797107,15,4,Adam,0.5614483212774127,0,4.845605735012779,True,COMPLETE
346,53.03,2025-01-17 22:25:02.691233,2025-01-17 22:28:08.027132,0 days 00:03:05.335899,0.25928754862035597,0.9363772765360118,0.9704706313557967,0.42192236692009505,0.047991772568016025,16,4,SGD,0.8627587011744993,1,8.603130591384147,True,COMPLETE
347,52.52,2025-01-17 22:28:08.084587,2025-01-17 22:34:42.149572,0 days 00:06:34.064985,0.3179374403830321,1.0019359374649104,1.0386615827243484,0.4060899706381936,0.0008004603661115007,23,2,SGD,0.6234322115100656,1,,False,COMPLETE
348,53.010000000000005,2025-01-17 22:34:27.624579,2025-01-17 22:43:36.118440,0 days 00:09:08.493861,0.32140730893353725,0.8481597425304145,1.0455566775668461,0.42809805670229134,0.0008025408228337534,17,4,SGD,0.6213867017274205,0,,False,COMPLETE
349,52.959999999999994,2025-01-17 22:34:42.224136,2025-01-17 22:38:39.261133,0 days 00:03:57.036997,0.2986835254010925,0.8353006464629397,0.9947376794413114,0.4274696299647079,0.038375515555408274,17,4,SGD,0.5059322295971311,0,,False,COMPLETE
350,52.78,2025-01-17 22:38:39.319335,2025-01-17 22:41:38.367104,0 days 00:02:59.047769,0.8890691684278338,0.924716421789425,0.9361444563130323,0.4560007724236846,0.04317285691439739,13,4,SGD,0.725788285181149,1,9.42876341017196,True,COMPLETE
351,52.959999999999994,2025-01-17 22:41:38.430525,2025-01-17 22:45:51.139041,0 days 00:04:12.708516,0.4204613497747606,0.8693367784928699,0.8906039426099981,0.4347596451871187,0.03566146156676382,18,3,SGD,0.4599504501253585,1,,False,COMPLETE
352,52.980000000000004,2025-01-17 22:43:36.199127,2025-01-17 22:59:04.244934,0 days 00:15:28.045807,0.2399832926101436,0.9980863006568417,0.8894003864926411,0.4008707867263257,0.01408844078798795,18,3,SGD,0.00016479905859490002,1,8.380414585512487,True,COMPLETE
353,52.86,2025-01-17 22:45:51.208625,2025-01-17 23:00:11.562393,0 days 00:14:20.353768,0.23215099760011781,0.9549117825407691,0.9712947191830311,0.4021557123008432,0.023322817470453575,21,5,SGD,0.000160622706132336,1,9.810669564121298,True,COMPLETE
354,52.949999999999996,2025-01-17 22:59:04.326900,2025-01-17 23:08:00.335185,0 days 00:08:56.008285,0.2712742967573622,0.9515703564861548,0.95963499711501,0.45436481057624084,0.02280110961473709,15,4,SGD,0.8493414786641696,1,,False,COMPLETE
355,51.739999999999995,2025-01-17 23:00:11.626456,2025-01-17 23:08:41.586989,0 days 00:08:29.960533,0.26604821483256047,0.9121974624049551,0.8391436003539502,0.5799387616999971,0.000672964540240304,15,4,SGD,0.8602174222876616,0,,False,COMPLETE
356,52.82,2025-01-17 23:08:00.430212,2025-01-17 23:18:47.446724,0 days 00:10:47.016512,0.29072999857491516,0.9076335930488327,1.0068154532737927,0.4728811263173091,0.0006647961677362808,20,5,SGD,0.5905766954584757,0,,False,COMPLETE
357,53.0,2025-01-17 23:08:41.654101,2025-01-17 23:11:55.963300,0 days 00:03:14.309199,0.3662250705705684,1.0247638751359887,1.0082033554520653,0.47225009162942244,0.03971200999890382,20,5,SGD,0.5036840300147125,1,9.049147195326299,True,COMPLETE
358,50.970000000000006,2025-01-17 23:18:47.529336,2025-01-17 23:22:58.835768,0 days 00:04:11.306432,0.3398698530187031,1.0797519382490113,1.1889315773540725,0.4179167972747132,0.03001661827539358,5,4,SGD,0.699702763116166,1,8.828197817901833,True,COMPLETE
359,52.690000000000005,2025-01-17 23:22:58.920253,2025-01-17 23:28:29.161897,0 days 00:05:30.241644,0.3103926395591438,0.9897850447206186,1.0430642482105559,0.38189390779668675,0.04613702578951131,17,3,SGD,0.042210722581848034,1,,False,COMPLETE
360,52.790000000000006,2025-01-17 23:28:29.247088,2025-01-17 23:35:13.327273,0 days 00:06:44.080185,0.39186446056747404,0.7673256193471145,0.9251633224188699,0.44598876808797205,0.03668360694156858,16,3,SGD,0.42729716146985874,1,9.624993122969169,True,COMPLETE
361,51.05,2025-01-17 23:35:13.406345,2025-01-17 23:42:42.246983,0 days 00:07:28.840638,0.48749874855165426,1.040667446308081,1.093790974287884,0.26834504224851297,0.051615038477921045,22,2,SGD,0.6146034680931882,0,,False,COMPLETE
362,47.67,2025-01-17 23:42:42.336905,2025-01-17 23:46:40.613457,0 days 00:03:58.276552,0.2894475600091036,0.9477528181671152,0.9684051155665713,0.43588461982832394,0.03237221204466122,19,15,Adam,0.7435050425448859,1,7.235955407324038,True,COMPLETE
363,52.44,2025-01-17 23:46:40.690649,2025-01-17 23:54:13.629432,0 days 00:07:32.938783,0.2580701499595814,0.8870537443781622,1.5694362708109761,0.4902834532797052,0.0005100923232628748,13,4,SGD,0.2669553258009577,1,,False,COMPLETE
364,52.88,2025-01-17 23:54:13.724757,2025-01-18 00:00:41.679324,0 days 00:06:27.954567,0.32950045938147465,0.818398093229409,1.0561482632617918,0.4166140163614914,0.03997226127545065,18,3,SGD,0.993022816031538,0,9.998416067022042,True,COMPLETE
365,53.080000000000005,2025-01-18 00:00:41.753726,2025-01-18 00:09:41.748234,0 days 00:08:59.994508,0.35527202515867434,0.9844104819146237,0.9449529092531385,0.44754607714342576,0.044634630266380676,17,3,SGD,0.5229624502839407,1,,False,COMPLETE
366,52.62,2025-01-18 00:09:41.826357,2025-01-18 00:13:17.117184,0 days 00:03:35.290827,0.3730909590071066,1.0108003214798575,0.9337180487617438,0.5087328519188544,0.04827073954870567,14,4,SGD,0.362537534860992,1,,False,COMPLETE
367,52.88,2025-01-22 14:23:37.108066,2025-01-22 14:24:55.274966,0 days 00:01:18.166900,0.349610505501702,0.977775393730039,0.9124699037246038,0.4533339053454806,0.053553214778992705,16,3,SGD,0.5048504237370182,0,,False,COMPLETE
